id,symbol,name,market_cap (usd),market_cap_rank,categories
equilibria-finance,eqb,Equilibria Finance,10918192,1433,[]
kyve-network,kyve,KYVE Network,10924317,1415,[]
alpine-f1-team-fan-token,alpine,Alpine F1 Team Fan Token,10967464,1410,[]
kasta,kasta,Kasta,10976784,1413,[]
nodecoin,nc,Nodecoin,11012113,1411,[]
helium-mobile,mobile,Helium Mobile,11068877,1409,[]
mixmarvel,mix,MixMarvel,11078672,1408,[]
send-2,send,Sendcoin,11104118,1407,[]
zklink,zkl,zkLink,11111134,1406,[]
revox,rex,REVOX,11163624,1405,[]
stader-sftmx,sftmx,BeethovenX sFTMX,11184532,1404,[]
ztx,ztx,ZTX,11209093,1403,[]
thorswap,thor,THORSwap,11213894,1400,[]
cellframe,cell,Cellframe,11242944,1402,[]
pintu-token,ptu,Pintu,11277768,1401,[]
kween,kween,KWEEN,11333465,1399,[]
playdapp,pda,PlayDapp,11366912,1397,[]
thala,thl,Thala,11370022,1398,[]
fractal-bitcoin,fb,Fractal Bitcoin,11391715,1395,[]
creatorbid,bid,CreatorBid,11436531,1396,[]
bitscrunch-token,bcut,bitsCrunch Token,11530650,1394,[]
frax-price-index-share,fpis,Frax Price Index Share,11545648,1393,[]
clore-ai,clore,Clore.ai,11578755,1388,[]
reecoin-2,ree,REECOIN,11580012,1392,[]
alienbase,alb,Alien Base,11586626,1390,[]
bertram-the-pomeranian,bert,Bertram The Pomeranian,11597777,1391,[]
peercoin,ppc,Peercoin,11615849,1387,[]
sovryn,sov,Sovryn,11631165,1389,[]
aura-finance,aura,Aura Finance,11645777,1386,[]
ca-htb,ca,Coupon Assets,11649155,1385,[]
equilibria-finance-ependle,ependle,Equilibria Finance ePENDLE,11716645,1383,[]
cryptofarmers,farm,CryptoFarmers,11733181,1384,[]
odin-s-dog,odindog,Odin's Dog,11734358,1381,[]
kondux-v2,kndx,KONDUX,11745805,1382,[]
bunni,bunni,Bunni,11758113,1380,[]
yusd-stablecoin,yusd,YUSD Stablecoin,11793724,1379,[]
compounding-open-dollar,cusdo,Compounding OpenDollar,11834724,1377,[]
octopus-network,oct,Octopus Network,11838241,1376,[]
sigma,sigma,Sigma,11846770,1378,[]
solana-social-explorer,sse,Solana Social Explorer,11896251,1374,[]
seth2,seth2,sETH2,11902480,1373,[]
lazio-fan-token,lazio,Lazio Fan Token,11904802,1370,[]
gme,gme,GME,11918703,1372,[]
noot-noot,noot,Noot Noot,11968971,1371,[]
cratos,crts,Cratos,11987921,1369,[]
altered-state-token,asto,Altered State Machine,12022633,1367,[]
yelay,ylay,Yelay,12044622,1368,[]
parallelai,pai,ParallelAI,12053708,1364,[]
maneki,maneki,MANEKI,12080028,1366,[]
pstake-finance,pstake,pSTAKE Finance,12109848,1363,[]
moby-ai,moby,Moby AI,12112526,1365,[]
stronghold-staked-sol,strongsol,Stronghold Staked SOL,12133314,1362,[]
salute,slt,Salute,12136819,1361,[]
allianceblock-nexera,nxra,Nexera,12152398,1360,[]
green-satoshi-token,gst-sol,STEPN Green Satoshi Token on Solana,12175871,1359,[]
bilira,tryb,BiLira,12183649,1358,[]
sidus,sidus,Sidus,12198502,1357,[]
mon-protocol,mon,MON,12213954,1355,[]
osmosis-allbtc,btc,Osmosis allBTC,12238497,1356,[]
slash-vision-labs,svl,Slash Vision Labs,12255944,1354,[]
castello-coin,cast,Castello Coin,12275969,1353,[]
xxcoin,xx,XX Network,12276683,1352,[]
cardano,ada,Cardano,29269076162,8,[]
mistery,mery,Mistery,5592518,1795,[]
wojak,wojak,Wojak,21878983,1033,[]
convex-finance,cvx,Convex Finance,191249908,271,[]
compound-usd-coin,cusdc,cUSDC,51408942,652,[]
gamee,gmee,GAMEE,5600507,1794,[]
strike-3,strike,STRIKE,21936740,1032,[]
sygnum-fiusd-liquidity-fund,fiusd,Sygnum FIUSD Liquidity Fund,51608025,650,[]
the-soldog,laika,LAIKA the Cosmodog,5603939,1793,[]
pundi-x,npxs,Pundi X [OLD],21950147,1031,[]
btse-token,btse,BTSE Token,192089168,269,[]
nym,nym,Nym,51675378,651,[]
big,big,BIG,5623872,1792,[]
znd-token,znd,ZND Token,21954675,1028,[]
decred,dcr,Decred,192852868,268,[]
my-neighbor-alice,alice,My Neighbor Alice,51810584,649,[]
dextf,dextf,Domani Protocol,5695468,1790,[]
chain-key-bitcoin,ckbtc,Chain-key Bitcoin,21970613,1030,[]
digibyte,dgb,DigiByte,193405709,267,[]
simon-s-cat,cat,Simon's Cat,51812843,648,[]
passage,pasg,Passage,5704812,1789,[]
aavegotchi,ghst,Aavegotchi,21980938,1029,[]
ordinals,ordi,ORDI,194409415,265,[]
metal-blockchain,metal,Metal Blockchain,51980630,646,[]
edwin,edwin,Edwin,5713769,1788,[]
laine-stake,lainesol,Laine Staked SOL,22007429,1027,[]
popcat,popcat,Popcat,194774597,266,[]
fimarkcoin-com,fmc,Fimarkcoin.com,52087014,647,[]
bamboo-on-base,bamboo,Bamboo on Base,5726163,1787,[]
swell-network,swell,Swell,22050522,1024,[]
usda-2,usda,USDa,198004146,264,[]
h2o-dao,h2o,H2O Dao,52226574,645,[]
ethos,vgx,VGX Token,5727120,1786,[]
teddy-bear,bear,TEDDY BEAR,22063326,1026,[]
gas,gas,Gas,198548547,263,[]
bouncebit,bb,BounceBit,52430830,643,[]
clayton,clay,Clayton,5729094,1785,[]
flamingo-finance,flm,Flamingo Finance,22070872,1025,[]
osmosis,osmo,Osmosis,199845692,262,[]
benqi,qi,BENQI,52439907,642,[]
ta-da,tada,Ta-da,5729446,1791,[]
ox-fun,ox,OX Coin,22163610,1023,[]
dog-go-to-the-moon-rune,dog,Dog (Bitcoin),199939939,261,[]
apu-s-club,apu,Apu Apustaja,52441204,644,[]
xzk,xzk,Mystiko,5731425,1784,[]
novem-gold,nnn,Novem Gold Token,22212200,1021,[]
swissborg,borg,SwissBorg,200747105,260,[]
saros-finance,saros,Saros,52742718,641,[]
cellena-finance,cell,Cellana Finance,5732288,1783,[]
t-mac-dao,tmg,T-mac DAO,22223132,1019,[]
agentfun-ai,agentfun,AgentFun.AI,203139991,259,[]
certik,ctk,Shentu,52817289,640,[]
renbtc,renbtc,renBTC,5741500,1782,[]
wink-3,wink,Wink,22225397,1017,[]
baby-doge-coin,babydoge,Baby Doge Coin,203150783,258,[]
cobak-token,cbk,Cobak,52910922,638,[]
xcad-network,xcad,XCAD Network,5749488,1781,[]
xborg,xbg,XBorg,22234259,1022,[]
arkham,arkm,Arkham,203382942,257,[]
dia-data,dia,DIA,53003295,639,[]
smart-layer-network,sln,Smart Layer Network,5758229,1773,[]
pepecoin-network,pep,Pepecoin,22237252,1020,[]
gho,gho,GHO,203873856,256,[]
gemini-dollar,gusd,Gemini Dollar,53382741,637,[]
gatsby,gatsby,GATSBY,5760962,1780,[]
sturdy,strdy,Sturdy,22353462,1018,[]
chia,xch,Chia,206736819,254,[]
dusk-network,dusk,DUSK,53514644,636,[]
karura,kar,Karura,5762384,1779,[]
neuron,nrn,Neuron,22386307,1014,[]
meow,meow,MEOW,207027882,255,[]
boba-network,boba,Boba Network,53537648,635,[]
solana,sol,Solana,70928530597,6,[]
akuma-inu,akuma,Akuma Inu,5776988,1778,[]
sx-network-2,sx,SX Network,22390345,1015,[]
stargate-finance,stg,Stargate Finance,207197729,253,[]
mines-of-dalarnia,dar,Mines of Dalarnia,53683694,634,[]
wexo,wexo,Wexo,5777091,1777,[]
funfair,fun,FUNToken,22394304,1013,[]
celo,celo,Celo,209521156,252,[]
coq-inu,coq,Coq Inu,53800741,633,[]
multibit,mubi,Multibit,5788557,1776,[]
indigo-dao-governance-token,indy,Indigo Protocol,22406555,1016,[]
holotoken,hot,Holo,213486178,251,[]
vicicoin,vcnt,ViciCoin,53838007,632,[]
eth-2x-flexible-leverage-index,eth2x-fli,Index Coop - ETH 2x Flexible Leverage Index,5792928,1775,[]
karrat,karrat,Karrat,22423474,1011,[]
notcoin,not,Notcoin,213655466,250,[]
jumbo-blockchain,jnftc,Jumbo Blockchain,53838765,631,[]
dasha,vvaifu,Dasha,5796533,1774,[]
trufin-staked-near,trunear,TruFin Staked NEAR,22472019,1010,[]
staked-frax-ether,sfrxeth,Staked Frax Ether,214562685,249,[]
stronghold-token,shx,Stronghold,53968304,630,[]
henlo-2,henlo,Henlo,5811680,1772,[]
ix-token,ixt,Planet IX,22502236,1012,[]
usdd,usdd,USDD,218497339,248,[]
saasgo,saas,SaaSGo,54263571,629,[]
koinos,koin,Koinos,5813745,1771,[]
swarmnode-ai,snai,SwarmNode.ai,22554228,1008,[]
mask-network,mask,Mask Network,218542986,247,[]
energy-web-token,ewt,Energy Web,54511578,628,[]
wirex,wxt,WXT Token,5825568,1770,[]
dimitra,dmtr,Dimitra,22554982,1009,[]
origintrail,trac,OriginTrail,221754300,246,[]
fwog,fwog,Fwog,54597486,627,[]
catecoin,cate,CateCoin,5852514,1769,[]
lumoz,moz,Lumoz,22586557,1006,[]
echelon-prime,prime,Echelon Prime,222508790,245,[]
falcon-finance,usdf,Falcon USD,54879720,626,[]
vestra-dao,vstr,Vestra DAO,5853587,1768,[]
gitcoin,gtc,Gitcoin,22618943,1007,[]
wemix-token,wemix,WEMIX,222671710,243,[]
ai-analysis-token,aiat,AI Analysis Token,55005403,625,[]
divi,divi,Divi,5854062,1767,[]
elon4afd,elon4afd,Elon4AfD,22811490,1005,[]
vethor-token,vtho,VeThor,222814808,244,[]
koala-ai,koko,KOALA AI,5854092,1766,[]
lofi-2,lofi,LOFI,22835772,1003,[]
ai16z,ai16z,ai16z,222871654,242,[]
elys-network,elys,Elys,5864733,1762,[]
oho-blockchain,oho,OHO Blockchain,22844921,1004,[]
instadapp,fluid,Fluid,223626553,241,[]
ponke,ponke,PONKE,55345665,622,[]
chainge-finance,xchng,Chainge,5866153,1765,[]
pinksale,pinksale,PinkSale,22914367,1001,[]
0x,zrx,0x Protocol,224649169,240,[]
fuel-network,fuel,Fuel Network,55346216,621,[]
roaland-core,roa,ROACORE,5866671,1764,[]
palm-ai,palm,PaLM AI,22918640,1002,[]
layerzero,zro,LayerZero,226230071,239,[]
o-intelligence-coin,oi,O Intelligence Coin,55415574,620,[]
smoking-chicken-fish,scf,Smoking Chicken Fish,5868123,1763,[]
level-staked-usd,slvlusd,Staked Level USD,22941572,1000,[]
livepeer,lpt,Livepeer,227772683,238,[]
magic-internet-money,mim,Magic Internet Money (Ethereum),55417808,619,[]
kepler,avia,Kepler,5874512,1761,[]
vara-network,vara,Vara Network,23025385,999,[]
basic-attention-token,bat,Basic Attention,229401107,237,[]
ocean-protocol,ocean,Ocean Protocol,55670077,618,[]
fluence-2,flt,Fluence,5878010,1760,[]
wagmi-2,wagmi,Wagmi,23153101,998,[]
dydx,ethdydx,dYdX,230504021,236,[]
sundog,sundog,Sundog,56153268,617,[]
realgoat,rgoat,RealGoat,5882944,1759,[]
ultra,uos,Ultra,23211911,996,[]
oasis-network,rose,Oasis,231772437,235,[]
ski-mask-dog,ski,Ski Mask Dog,56266590,616,[]
wise-token11,wise,Wise,5883540,1758,[]
my-lovely-coin,mlc,My Lovely Coin,23220627,997,[]
superfarm,super,SuperVerse,234916321,234,[]
trac,trac,TRAC (Ordinals),5899657,1757,[]
wanchain,wan,Wanchain,23514835,995,[]
qtum,qtum,Qtum,235692691,233,[]
comedian,ban,Comedian,56541487,614,[]
spinning-cat,oiiaoiia,Spinning Cat,5902871,1756,[]
dextools,dext,DexTools,23617111,994,[]
chex-token,chex,CHEX Token,238139103,232,[]
solv-protocol,solv,Solv Protocol,57113276,611,[]
aragon,ant,Aragon,5926388,1755,[]
book-of-ethereum,booe,Book of Ethereum,23640392,992,[]
aethir,ath,Aethir,238741890,231,[]
propy,pro,Propy,57129426,613,[]
tron,trx,TRON,20799376639,10,[]
diamond,dmd,Diamond,5927398,1754,[]
sideshift-token,xai,SideShift,23643293,993,[]
liquid-staked-ethereum,lseth,Liquid Staked ETH,238792155,230,[]
vanar-chain,vanry,Vanar Chain,57179154,612,[]
fuse-network-token,fuse,Fuse,5950707,1753,[]
shardus,ult,Shardus,23693220,991,[]
quorium,qgold,Quorium,244374372,229,[]
general-layer-btc,gl-btc,General-Layer BTC,57703414,610,[]
dogecoin,doge,Dogecoin,28404091572,9,[]
dhedge-dao,dht,dHEDGE DAO,5966076,1752,[]
apollox-2,apx,APX,23734033,990,[]
zilliqa,zil,Zilliqa,244643628,228,[]
pepecoin-2,pepecoin,PepeCoin,57771455,609,[]
klima-dao,klima,KlimaDAO,5971255,1751,[]
prosper,pros,Prosper [OLD],23745202,989,[]
deep,deep,DeepBook,246385900,227,[]
apex-token-2,apex,ApeX,57889072,608,[]
blub,blub,BLUB,5972856,1751,[]
xsgd,xsgd,XSGD,23790540,988,[]
astar,astr,Astar,246427505,226,[]
fartboy,$fartboy,Fartboy,57994781,607,[]
joule-2,joule,Joule,5996830,1747,[]
shadow-liquid-staking-token,x33,Shadow Liquid Staking Token,23908825,987,[]
fartcoin,fartcoin,Fartcoin,250132677,224,[]
ekubo-protocol,ekubo,Ekubo Protocol,58122889,606,[]
pepecat-2,pepecat,PEPECAT,6000372,1729,[]
ecox,ecox,ECOx,23997231,973,[]
safe,safe,Safe,250850994,225,[]
test-3,tst,Test,58236917,604,[]
nft-worlds,wrld,NFT Worlds,6010873,1744,[]
district0x,dnt,district0x,24000266,986,[]
nervos-network,ckb,Nervos Network,253582792,223,[]
unicorn-fart-dust,ufd,Unicorn Fart Dust,58340600,603,[]
jelly-my-jelly,jellyjelly,Jelly-My-Jelly,6039615,1745,[]
nusd,susd,sUSD,24007039,985,[]
blur,blur,Blur,256068016,222,[]
tars-protocol,tai,TARS AI,58519351,602,[]
agridex-governance-token,agri,AgriDex,6040497,1746,[]
osol,osol,OSOL,24077236,979,[]
sats-ordinals,sats,SATS (Ordinals),256252130,221,[]
qanplatform,qanx,QANplatform,58548219,605,[]
starslax,sslx,StarSlax,6045674,1743,[]
illuminaticoin,nati,IlluminatiCoin,24115816,984,[]
ket,ket,Ket,265371429,220,[]
bella-protocol,bel,Bella Protocol,58801406,601,[]
trust-ai,trt,TRUST AI,6057729,1749,[]
bityuan,bty,Bityuan,24138299,983,[]
ether-fi-staked-btc,ebtc,Ether.fi Staked BTC,272260832,219,[]
secret,scrt,Secret,59354169,599,[]
holdstation,hold,Holdstation,6065383,1742,[]
dogeai-2,$dogeai,DOGEai,24138540,982,[]
cookie,cookie,Cookie DAO,59364681,600,[]
jesus-coin,jesus,Jesus Coin,6075447,1735,[]
compound-wrapped-btc,cwbtc,cWBTC,278546133,217,[]
trufin-staked-apt,truapt,TruFin Staked APT,59576621,598,[]
seedworld,sworld,Seedworld,6092172,1740,[]
gyroscope-gyd,gyd,Gyroscope GYD,24210866,980,[]
snek,snek,Snek,279106835,216,[]
tokamak-network,ton,Tokamak Network,59956810,597,[]
rch-token,rch,RCH Token,6097121,1738,[]
ahatoken,aht,AhaToken,24258653,974,[]
kusama,ksm,Kusama,282973621,215,[]
bone-shibaswap,bone,Bone ShibaSwap,60046514,596,[]
blocksquare,bst,Blocksquare,6097391,1739,[]
komodo,kmd,Komodo,24278095,976,[]
theta-fuel,tfuel,Theta Fuel,283076970,214,[]
moonriver,movr,Moonriver,60098164,595,[]
mystandard,myst,MyStandard,6102151,1737,[]
quantum-resistant-ledger,qrl,Quantum Resistant Ledger,24286605,978,[]
creditcoin-2,ctc,Creditcoin,285040352,213,[]
gamebuild,game,GameBuild,60107381,593,[]
pozo-coin,pozo,Pozo Coin,6108893,1736,[]
auki-labs,auki,AUKI,24288508,977,[]
mx-token,mx,MX,285322383,212,[]
lift-dollar,usdl,Lift Dollar,60136239,594,[]
decubate,dcb,Decubate,6118682,1733,[]
plume,plume,Plume,287309077,210,[]
messier,m87,MESSIER,60334610,592,[]
defi-kingdoms,jewel,DeFi Kingdoms,6123302,1732,[]
vertex-protocol,vrtx,Vertex,24349331,972,[]
super-oeth,superoethb,Super OETH,287330620,211,[]
carv,carv,CARV,60337781,590,[]
shrapnel-2,shrap,Shrapnel,6126407,1750,[]
siren-2,siren,Siren,24537618,970,[]
sweth,sweth,Swell Ethereum,287548313,208,[]
binance-usd,busd,BUSD,60351417,591,[]
avalanche-2,avax,Avalanche,8387744603,19,[]
stellar,xlm,Stellar,8539674139,18,[]
ellipsis,eps,Ellipsis [OLD],12327512,1351,[]
guild-of-guardians,gog,Guild of Guardians,12338297,1350,[]
paid-network,paid,PAID,12342808,1349,[]
agoras-currency-of-tau,agrs,Agoras: Tau Net,12495738,1348,[]
propchain,propc,Propchain,12504378,1346,[]
index-cooperative,index,Index Cooperative,12509600,1347,[]
xpmarket,xpm,XPmarket,12578090,1344,[]
lemonschain,lct,Lemonschain,12580109,1345,[]
asymmetry-finance,asf,Asymmetry Finance,12602458,1342,[]
sovrun,sovrn,Sovrun,12618990,1343,[]
open-ticketing-ecosystem,opn,OPEN Ticketing Ecosystem,12654904,1340,[]
moxie,moxie,Moxie,12658677,1339,[]
karate-combat,karate,Karate Combat,12661527,1341,[]
quiztok,qtcon,Quiztok,12666169,1338,[]
mode,mode,Mode,12693118,1337,[]
republic-protocol,ren,Ren,12748817,1336,[]
colony,cly,Colony,12770428,1333,[]
foxsy-ai,foxsy,Foxsy AI,12775696,1334,[]
worldwide-usd,wusd,Worldwide USD,12778212,1335,[]
agora-dollar,ausd,AUSD,12826092,1331,[]
aleph,aleph,Aleph.im,12844150,1330,[]
meme-trumpcoin,trump,Meme TrumpCoin,12844298,1332,[]
fbomb,bomb,Fantom Bomb,12902158,1327,[]
bitget-staked-sol,bgsol,Bitget Staked SOL,12908220,1328,[]
swell-restaked-btc,swbtc,Swell Restaked BTC,12908493,1329,[]
hyperskids,hyperskids,$HYPERSKIDS,12934567,1325,[]
wall-street-pepe,wepe,Wall Street Pepe,12939080,1323,[]
gud-tech,gud,Gud Tech,12941195,1326,[]
avant-usd,avusd,Avant USD,12961831,1324,[]
odos,odos,Odos,13054781,1322,[]
jumptoken,jmpt,JumpToken,13068586,1320,[]
defipulse-index,dpi,DeFi Pulse Index,13085618,1321,[]
rift-ai,rift,RIFT AI,13133470,1319,[]
gold-dao,goldao,GOLDAO,13180343,1318,[]
troy,troy,TROY,13184939,1317,[]
natix-network,natix,NATIX Network,13266326,1315,[]
hathor,htr,Hathor,13289561,1316,[]
evercraft-ecotechnologies,ecet,Evercraft Ecotechnologies,13334810,1314,[]
the-arena,arena,The Arena,13354282,1313,[]
tenset,10set,Tenset,13442042,1312,[]
bluefin,blue,Bluefin,13477586,1310,[]
realio-network,rio,Realio Network Token,13482996,1311,[]
frankencoin,zchf,Frankencoin,13491445,1309,[]
world-of-dypians,wod,World of Dypians,13509181,1308,[]
tao-bot,taobot,tao.bot,13600458,1307,[]
spectra-finance,spectra,Spectra,13648783,1306,[]
league-of-kingdoms,loka,League of Kingdoms,13664483,1302,[]
amnis-staked-aptos-coin,stapt,Amnis Staked Aptos Coin,13665355,1305,[]
kryll,krl,KRYLL,13696754,1303,[]
flex-usd,flexusd,flexUSD,13709742,1304,[]
central-african-republic-meme,car,Central African Republic Meme,13718981,1301,[]
phnix,phnix,PHNIX,13738392,1300,[]
nimiq-2,nim,Nimiq,13741843,1299,[]
ozone-chain,ozo,Ozone Chain,13787369,1298,[]
shiro-neko-2,shiro,Shiro Neko,13815937,1293,[]
zero-tech,meow,MEOW,13827106,1297,[]
nunet,ntx,NuNet,13832593,1296,[]
matr1x,max,Matr1x,13852445,1294,[]
constellation-staked-eth,xreth,Constellation Staked ETH,13873771,1295,[]
ussi,ussi,USSI,13888158,1292,[]
pirate-token,pirate,Pirate Nation Token,13890120,1291,[]
velas,vlx,Velas,14026181,1290,[]
diamond-launch,dlc,Diamond Launch,14076852,1289,[]
be-for-fwx,b4fwx,Be For FWX,6128158,1734,[]
safepal,sfp,SafePal,287858204,209,[]
orbiter-finance,obt,Orbiter Finance,60500123,589,[]
xelis,xel,Xelis,6143071,1741,[]
frax-ether,frxeth,Frax Ether,288858753,207,[]
wink,win,WINkLink,60652333,588,[]
gameswift,gswift,GameSwift,6147672,1720,[]
dash,dash,Dash,289027349,206,[]
celer-network,celr,Celer Network,60687581,587,[]
bacon-protocol,bac,Bacon Protocol,6152261,1731,[]
wormhole,w,Wormhole,289538718,205,[]
maple,mpl,Maple,60944747,586,[]
maga-hat,maga,MAGA Hat,6182544,1730,[]
golem,glm,Golem,290529128,204,[]
usualx,usualx,USUALx,61087754,585,[]
sensay,snsy,Sensay,6206537,1728,[]
zksync,zk,ZKsync,292754966,203,[]
ardor,ardr,Ardor,61194465,584,[]
playa3ull-games-2,3ull,PLAYA3ULL GAMES,6218397,1724,[]
havven,snx,Synthetix Network,296852754,202,[]
kyber-network-crystal,knc,Kyber Network Crystal,61227013,583,[]
only1,like,Only1,6220321,1726,[]
stader-ethx,ethx,Stader ETHx,300639940,201,[]
badger-dao,badger,Badger,61368721,582,[]
boba-oppa,bobaoppa,Boba Oppa,6240065,1727,[]
elixir-deusd,deusd,Elixir deUSD,301721898,200,[]
devve,devve,DevvE,61395801,581,[]
rocketx,rvf,RocketX Exchange,6240927,1725,[]
ai-companions,aic,AI Companions,303594037,199,[]
mantadao,mnta,MantaDAO,6254297,1723,[]
1inch,1inch,1inch,313652053,198,[]
degen-base,degen,Degen,61458265,579,[]
plugin,pli,Plugin,6261567,1722,[]
eigenlayer,eigen,Eigenlayer,314393940,197,[]
ssv-network,ssv,SSV Network,61824387,578,[]
stakewise,swise,StakeWise,6269460,1719,[]
goatseus-maximus,goat,Goatseus Maximus,61857055,577,[]
minima,minima,Minima,6286996,1718,[]
just,jst,JUST,318141831,195,[]
axondao-governance-token,axgt,AxonDAO Governance Token,62671778,576,[]
defichain,dfi,DeFiChain,6308280,1717,[]
akash-network,akt,Akash Network,321112804,193,[]
corgiai,corgiai,CorgiAI,63273322,575,[]
bubbles-2,bubbles,BUBBLES,6308975,1716,[]
level-usd,lvlusd,Level USD,63619207,574,[]
fact0rn,fact,Fact0rn,6313897,1721,[]
binance-peg-busd,busd,Binance-Peg BUSD,322835379,192,[]
aurora-near,aurora,Aurora,63770131,573,[]
stablr-usd,usdr,StablR USD,6341783,1715,[]
bit2me,b2m,Bit2Me,63879220,572,[]
42-coin,42,42-coin,6345830,1714,[]
terra-luna,lunc,Terra Luna Classic,340019062,190,[]
tokenbot-2,clanker,tokenbot,64203963,571,[]
saito,saito,Saito,6387737,1713,[]
mina-protocol,mina,Mina Protocol,342324788,189,[]
loki-network,oxen,Oxen,6425340,1712,[]
reserve-rights-token,rsr,Reserve Rights,343735709,188,[]
coin98,c98,Coin98,65283501,569,[]
arc,arc,Arc,6437410,1709,[]
beam-2,beam,Beam,344517559,187,[]
ark,ark,ARK,65590532,568,[]
arianee,aria20,Arianee,6437662,1708,[]
aioz-network,aioz,AIOZ Network,348114741,186,[]
metal,mtl,Metal DAO,65700563,567,[]
herbcoin,herb,HERBCOIN,6445144,1710,[]
stakestone-berachain-vault-token,berastone,StakeStone Berachain Vault Token,348322184,185,[]
renzo-restaked-lst,pzeth,Renzo Restaked LST,65730057,566,[]
kwenta,kwenta,Kwenta,6465850,1706,[]
based-brett,brett,Brett,349385884,184,[]
spiko-us-t-bills-money-market-fund,ustbl,Spiko US T-Bills Money Market Fund,66059900,565,[]
minidoge-4,minidoge,MiniDoge,6466878,1711,[]
verus-coin,vrsc,Verus,349684595,182,[]
omni-network,omni,Omni Network,66134978,564,[]
hydro-protocol-2,hdro,Hydro Protocol,6482416,1705,[]
morpho,morpho,Morpho,350415601,183,[]
access-protocol,acs,Access Protocol,66424318,563,[]
inter-milan-fan-token,inter,Inter Milan Fan Token,6487791,1707,[]
axelar,axl,Axelar,355857719,181,[]
0x0-ai-ai-smart-contract,0x0,0x0.ai: AI Smart Contract,66715198,562,[]
paint-swap,brush,Paintswap,6488252,1704,[]
gnosis,gno,Gnosis,358710006,180,[]
terrausd,ustc,TerraClassicUSD,66889033,561,[]
pepe-2-0,pepe2.0,Pepe 2.0,6534435,1703,[]
tbtc,tbtc,tBTC,365474595,179,[]
dogs-2,dogs,Dogs,66916279,560,[]
wifi,wifi,WiFi Map,6536067,1696,[]
olympus,ohm,Olympus,374239247,178,[]
pinlink,pin,PinLink,66929323,559,[]
celo-euro,ceur,Celo Euro,6538835,1701,[]
stakewise-v3-oseth,oseth,StakeWise Staked ETH,378076629,177,[]
humans-ai,heart,Humans.ai,67027962,558,[]
nuritopia,nblu,Nuritopia,6542154,1700,[]
pendle,pendle,Pendle,382882619,176,[]
cartesi,ctsi,Cartesi,67096918,557,[]
singularitydao,sdao,SingularityDAO,6546889,1699,[]
kaito,kaito,KAITO,385833909,175,[]
bitget-wallet-token,bwb,Bitget Wallet Token,67182897,556,[]
pingo,pingo,PinGo,6548383,1702,[]
pudgy-penguins,pengu,Pudgy Penguins,387173313,173,[]
cetus-protocol,cetus,Cetus Protocol,67539022,555,[]
robonomics-network,xrt,Robonomics Network,6565275,1698,[]
ondo-us-dollar-yield,usdy,Ondo US Dollar Yield,387953216,174,[]
non-playable-coin,npc,Non-Playable Coin,67563193,554,[]
1guy,1guy,1GUY,6570121,1697,[]
amp-token,amp,Amp,395023501,172,[]
medibloc,med,Medibloc,68050904,553,[]
wefi,wfi,WeFi,6584943,1693,[]
infrared-bera,ibera,Infrared Bera,396872387,171,[]
steem,steem,Steem,68319813,552,[]
memdex100,memdex,MEMDEX100,6592687,1695,[]
cgeth-hashkey-cloud,cgeth.hashkey,cgETH Hashkey Cloud,397108193,170,[]
autonomi,ant,Autonomi,68588087,551,[]
sixpack-token-sixp,sixp,Sixpack Token (SIXP),6595885,1692,[]
hashnote-usyc,usyc,Hashnote USYC,405097108,169,[]
renzo-restaked-sol,ezsol,Renzo Restaked SOL,68680758,550,[]
thorwallet,tgt,THORWallet DEX,6604222,1691,[]
usdb,usdb,USDB,405897201,168,[]
solend,slnd,Solend,69360419,549,[]
genopets,gene,Genopets,6609319,1694,[]
ousg,ousg,OUSG,408308840,167,[]
autonolas,olas,Autonolas,69375454,548,[]
sentio-protocol,sen,Sentio Protocol,6650645,1690,[]
trust-wallet-token,twt,Trust Wallet,410307033,166,[]
pay-coin,pci,Paycoin,69519130,547,[]
konnektvpn,kpn,KonnektVPN,6664761,1688,[]
clbtc,clbtc,clBTC,424425416,165,[]
wilder-world,wild,Wilder World,69570744,546,[]
heroes-of-mavia,mavia,Heroes of Mavia,6666113,1689,[]
apecoin,ape,ApeCoin,426894748,164,[]
undeads-games,uds,Undeads Games,69583705,545,[]
fric,fric,FRIC,6668126,1687,[]
compound-governance-token,comp,Compound,429927815,163,[]
numeraire,nmr,Numeraire,69870096,544,[]
deepbrain-chain,dbc,DeepBrain Chain,6674927,1686,[]
matic-network,matic,Polygon,434722907,162,[]
ecomi,omi,ECOMI,70128292,543,[]
swarm-markets,smt,Swarm Markets,6682272,1685,[]
usdx,usdx,USDX,70196157,542,[]
e-radix,exrd,e-Radix,6720257,1684,[]
ecash,xec,eCash,442155273,160,[]
staked-frax,sfrax,Staked FRAX,70473514,541,[]
fx-coin,fx,Function X,6741051,1683,[]
ergo,erg,Ergo,70538594,540,[]
astraai,astra,AstraAI,6761093,1682,[]
chiliz,chz,Chiliz,445687210,158,[]
keep-network,keep,Keep Network,71316181,539,[]
thorchain,rune,THORChain,446954846,157,[]
islamic-coin,islm,Islamic Coin,71575220,538,[]
ovr,ovr,Ovr,6802270,1680,[]
coredaoorg,core,Core,447925660,156,[]
dforce-token,df,dForce,71671885,537,[]
scallop-2,sca,Scallop,6802477,1681,[]
kava,kava,Kava,448561722,155,[]
watcoin-2,watc,WATCoin,72066982,536,[]
ronke,ronke,RONKE,6802813,1677,[]
ether-fi-staked-eth,eeth,ether.fi Staked ETH,451629202,154,[]
centrifuge,cfg,Centrifuge,72683063,535,[]
game7,g7,Game7,6823647,1675,[]
apenft,nft,APENFT,455263163,153,[]
dola-usd,dola,DOLA,72901215,534,[]
pika-protocol,pika,Pika Protocol,6823991,1676,[]
arweave,ar,Arweave,460987802,151,[]
api3,api3,API3,73014223,533,[]
panther-ai,pai,Panther AI,6840791,1669,[]
chain-2,xcn,Onyxcoin,461593969,152,[]
netmind-token,nmt,NetMind Token,73161100,532,[]
mars-protocol-a7fcbcfb-fd61-4017-92f0-7ee9f9cc6da3,mars,Mars Protocol,6844103,1674,[]
virtual-protocol,virtual,Virtuals Protocol,462574122,150,[]
origin-ether,oeth,Origin Ether,74272356,531,[]
zero1-labs,deai,Zero1 Labs,6845082,1678,[]
starknet,strk,Starknet,475637527,149,[]
myshell,shell,MyShell,74482121,529,[]
winr-protocol,winr,WINR Protocol,6861781,1672,[]
conflux-token,cfx,Conflux,476158682,148,[]
dent,dent,Dent,74815885,528,[]
solforge-fusion,sfg,SolForge Fusion,6872225,1673,[]
spx6900,spx,SPX6900,479192939,147,[]
dodo,dodo,DODO,74869817,530,[]
vivi-coin,vivi,VIVI COIN,6873820,1671,[]
aerodrome-finance,aero,Aerodrome Finance,482287901,146,[]
moonwell-artemis,well,Moonwell,75209405,527,[]
pandora,pandora,Pandora,6879248,1670,[]
dydx-chain,dydx,dYdX,482888442,145,[]
joe,joe,JOE,75230839,526,[]
dione,dione,Dione,24540567,971,[]
polkastarter,pols,Polkastarter,24619648,969,[]
self-chain,slf,Self Chain,24786673,965,[]
plxyer,plxy,Plxyer,24805613,968,[]
clash-of-lilliput,col,Clash of Lilliput,24888750,966,[]
dora-factory-2,dora,Dora Factory,24900732,967,[]
escoin-token,elg,Escoin,25025460,964,[]
nakamoto-games,naka,Nakamoto Games,25028117,960,[]
rune-pups,pups,Pups (Bitcoin),25043114,963,[]
why,why,WHY,25071543,961,[]
seth,seth,sETH,25072907,962,[]
gelato,gel,Gelato,25119964,959,[]
star-atlas,atlas,Star Atlas,25129351,958,[]
rarible,rari,RARI,25234745,957,[]
electronic-usd,eusd,Electronic USD,25279200,956,[]
step-finance,step,Step Finance,25357196,955,[]
safemoon-2,sfm,SafeMoon,25435118,954,[]
bemo-staked-ton,stton,bemo Staked TON,25654524,953,[]
token-pocket,tpt,TokenPocket Token,25795731,951,[]
sentinel-protocol,bounty,ChainBounty,25802909,952,[]
hopr,hopr,HOPR,25849285,949,[]
hypurr-fun,hfun,Hypurr Fun,25864457,938,[]
cdai,cdai,cDAI,25884785,948,[]
sleepless-ai,ai,Sleepless AI,25918325,947,[]
a-hunters-dream,caw,A Hunters Dream,25919720,950,[]
ice,ice,Ice Open Network,26122069,946,[]
peapods-finance,peas,Peapods Finance,26144472,945,[]
burnedfi,burn,BurnedFi,26343394,944,[]
navi,navx,NAVI Protocol,26352819,943,[]
puffer-finance,puffer,Puffer,26373072,942,[]
hatom,htm,Hatom,26398538,941,[]
stake-link,sdl,stake.link,26408929,940,[]
alchemix,alcx,Alchemix,26504067,939,[]
pocket-network,pokt,Pocket Network,26653993,937,[]
litentry,lit,Litentry,26683030,935,[]
human-protocol,hmt,HUMAN Protocol,26749200,934,[]
chill-guy,chillguy,Just a chill guy,26820962,931,[]
hegic,hegic,Hegic,26822984,932,[]
tether-eurt,eurt,Euro Tether,26860012,933,[]
crown-by-third-time-games,crown,Crown by Third Time Games,26896947,930,[]
origyn-foundation,ogy,ORIGYN,26989408,928,[]
metacade,mcade,Metacade,26990314,929,[]
superwalk,grnd,SuperWalk GRND,27108912,927,[]
storx,srx,StorX,27251097,926,[]
rei-network,rei,REI Network,27375082,925,[]
tethereum-2,t99,Tethereum,27460674,924,[]
bankercoin-2,bnkr,BankrCoin,27490245,920,[]
game-stop,gme,GME (Ethereum),27504760,923,[]
mimatic,mimatic,MAI,27569716,922,[]
law-blocks,lbt,Law Blocks,27658641,921,[]
math,math,MATH,27889781,913,[]
dexalot,alot,Dexalot,27895147,919,[]
perpetual-protocol,perp,Perpetual Protocol,27938363,918,[]
susd-optimism,susd,sUSD (Optimism),27944886,917,[]
veraone,vro,VeraOne,27995640,916,[]
camino-network,cam,Camino Network,28086578,915,[]
daddy-tate,daddy,Daddy Tate,28128189,914,[]
hashai,hashai,HashAI,28183025,907,[]
airtor-protocol,anyone,ANyONe Protocol,28228678,910,[]
seraph,seraph,Seraph,28288781,911,[]
ankreth,ankreth,Ankr Staked ETH,28304081,909,[]
alexgo,alex,ALEX Lab,28400078,908,[]
sceptre-staked-flr,sflr,Sceptre Staked FLR,14108389,1288,[]
botto,botto,Botto,14167046,1286,[]
iron-fish,iron,Iron Fish,14188565,1285,[]
cocos-bcx,combo,COMBO,14203153,1284,[]
otherworld,own,Otherworld,14238128,1280,[]
samoyedcoin,samo,Samoyedcoin,14277939,1283,[]
defi-ssi,defi.ssi,DEFI.ssi,14337183,1281,[]
cream-2,cream,Cream,14342680,1279,[]
henlo-3,henlo,Henlo,14423271,1282,[]
gamefi,gafi,GameFi.org,14467842,1277,[]
krypton-dao,krd,Krypton DAO,14476043,1266,[]
amo,amo,AMO Coin,14487730,1276,[]
mochi-thecatcoin,mochi,Mochi,14521172,1274,[]
dexnet,dexnet,DexNet,14536528,1275,[]
clustr,clustr,Clustr,14602638,1273,[]
enq-enecuum,enq,Enecuum,14665478,1272,[]
chainswap-3,cswap,ChainSwap,14808686,1270,[]
pivx,pivx,PIVX,14829810,1269,[]
wing-finance,wing,Wing Finance,14832165,1271,[]
looksrare,looks,LooksRare,14934944,1268,[]
streamr-xdata,xdata,Streamr XDATA,14990843,1267,[]
cronos-zkevm-cro,zkcro,Cronos zkEVM CRO,15011938,1264,[]
the-doge-nft,dog,Own The Doge,15012348,1263,[]
tera-smart-money,tera,TERA,15027565,1265,[]
yne,yne,yesnoerror,15072546,1261,[]
polimec,plmc,Polimec,15150813,1258,[]
richquack,quack,Rich Quack,15186980,1262,[]
crypto-ai-robo,cair,Crypto-AI-Robo,15202896,1260,[]
loopin-network,loopin,LooPIN Network,15299002,1256,[]
boson-protocol,boson,Boson Protocol,15308060,1259,[]
joe-coin,joe,Joe Coin,15318250,1246,[]
fio-protocol,fio,FIO Protocol,15333315,1257,[]
streamr,data,Streamr,15336298,1255,[]
nuvola-digital,nvl,Nuvola Digital,15357476,1254,[]
ora-coin,ora,ORA Coin,15361607,1252,[]
linear,lina,Linear,15364452,1251,[]
cacao,cacao,Maya Protocol,15384030,1250,[]
hex-trust-usdx,usdx,Hex Trust USD,15385131,1247,[]
alchemix-usd,alusd,Alchemix USD,15393626,1249,[]
counterparty,xcp,Counterparty,15397923,1248,[]
joe-coin,joe,Joe Coin,15406810,1246,[]
carrot-2,crt,Carrot,15504289,1245,[]
token-dforce-usd,usx,dForce USD,15510592,1244,[]
nuls,nuls,NULS,15558269,1242,[]
maga,trump,MAGA,15588036,1241,[]
coinmetro,xcm,Coinmetro,15590993,1240,[]
french-connection-finance,zypto,Zypto Token,15600653,1239,[]
xen-crypto,xen,XEN Crypto,15683059,1243,[]
foom,foom,Foom,15691189,1238,[]
kekius-maximus,kekius,Kekius Maximus,15798893,1232,[]
volt-inu-2,volt,Volt Inu,15831248,1237,[]
suku,suku,SUKU,15847857,1221,[]
lingo,lingo,Lingo,15848975,1236,[]
pepefork,pork,PepeFork,15881006,1234,[]
reploy,rai,Reploy,15881032,1235,[]
leash,leash,Doge Killer,15901861,1231,[]
red-pulse,phb,Phoenix Global [OLD],15922661,1230,[]
beefy-finance,bifi,Beefy,15926229,1233,[]
rabbitcoin-2,rbtc,RabBitcoin,15937900,1228,[]
empyreal,emp,Empyreal,15941789,1229,[]
magnetix,mag,Magnetix,15949584,1227,[]
hytopia,topia,TOPIA,15967909,1226,[]
hedera-hashgraph,hbar,Hedera,9469946346,15,[]
ac-milan-fan-token,acm,AC Milan Fan Token,6890120,1668,[]
crvusd,crvusd,crvUSD,75530449,525,[]
adappter-token,adp,Adappter,6904863,1667,[]
liquity,lqty,Liquity,76549708,521,[]
rally-2,rly,Rally,6907917,1666,[]
xai-blockchain,xai,Xai,76570761,523,[]
bitcoin-diamond,bcd,Bitcoin Diamond,6915631,1665,[]
milk-alliance,mlk,MiL.k Alliance,76577294,524,[]
brat,brat,Brat,6918495,1635,[]
goldfinch,gfi,Goldfinch,76687925,522,[]
earnbet,ebet,EarnBet,6920358,1664,[]
kelp-gain,ageth,Kelp Gain,76758816,520,[]
huobi-btc,hbtc,Huobi BTC,6939287,1663,[]
smooth-love-potion,slp,Smooth Love Potion,76789622,519,[]
just-buy-1-worth-of-this-coin,$1,just buy $1 worth of this coin,6955292,1655,[]
songbird,sgb,Songbird,76900104,518,[]
higher,higher,higher,6983924,1661,[]
oasys,oas,Oasys,77482520,517,[]
mother-iggy,mother,Mother Iggy,6989689,1662,[]
puff-the-dragon,puff,Puff The Dragon,77622480,516,[]
canto,canto,CANTO,6997544,1659,[]
syrupusdc,syrupusdc,SyrupUSDC,77734013,515,[]
punk-2,punk,PunkCity,6999527,1658,[]
heyanon,anon,Hey Anon,78007108,514,[]
quantoz-usdq,usdq,Quantoz USDQ,6999556,1660,[]
harrypotterobamasonic10in,bitcoin,HarryPotterObamaSonic10Inu (ETH),78077104,513,[]
crossfi-2,xfi,CrossFi,7007116,1657,[]
bitdca,bdca,BitDCA,78197695,512,[]
mbc,mbc,MBC,7022483,1656,[]
tellor,trb,Tellor Tributes,78482823,511,[]
mintlayer,ml,Mintlayer,7047853,1654,[]
orbit-3,grift,ORBIT,7051419,1644,[]
dogelon-mars,elon,Dogelon Mars,79195408,509,[]
maiar-dex,mex,xExchange,7055169,1653,[]
paxos-standard,usdp,Pax Dollar,79248074,508,[]
token-metrics-ai,tmai,Token Metrics AI,7064233,1649,[]
goplus-security,gps,GoPlus Security,79530032,507,[]
konet,konet,KONET,7065513,1634,[]
alvara-protocol,alva,Alvara Protocol,7068752,1651,[]
kamino,kmno,Kamino,80142433,506,[]
stargaze,stars,Stargaze,7076202,1652,[]
pundi-x-2,pundix,Pundi X,80486694,504,[]
zen-ai,zai,Zen AI,7091937,1648,[]
scroll,scr,Scroll,80588317,503,[]
lmeow-2,lmeow,lmeow,7104417,1647,[]
constitutiondao,people,ConstitutionDAO,80618760,500,[]
mumu-the-bull-3,mumu,MUMU THE BULL,7105684,1646,[]
metfi-2,metfi,MetFi,80676572,502,[]
thales,thales,Thales,7110879,1645,[]
singularitynet,agix,SingularityNET,80790509,499,[]
polaris-share,pola,Polaris Share,7134073,1650,[]
zentry,zent,Zentry,80832295,501,[]
katana-inu,kata,Katana Inu,7160513,1643,[]
von,von,VON,81073139,480,[]
tarot-2,tarot,Tarot,7184271,1642,[]
elixir-finance,elx,Elixir,81496452,494,[]
max-2,max,MAX,7237002,1641,[]
yield-guild-games,ygg,Yield Guild Games,81596383,498,[]
dexcheck,dck,DexCheck AI,7245616,1638,[]
usdt0,usdt0,USDT0,81655719,497,[]
liquid-staked-flow,stflow,Increment Staked FLOW,7273065,1640,[]
stratis,strax,Stratis,81665957,496,[]
symmio,symm,SYMMIO,7285287,1639,[]
coreum,coreum,Coreum,82000876,495,[]
offcial-mascot-of-the-holy-year,luce,Luce,7381611,1637,[]
pixer-eternity,pxt,Pixer Eternity,82187386,491,[]
ore,ore,Ore,7399656,1636,[]
arcblock,abt,Arcblock,82437439,493,[]
artyfact,arty,Artyfact,7412593,1633,[]
ampleforth,ampl,Ampleforth,82649757,492,[]
lock-in,lockin,LOCK IN,7431157,1632,[]
nosana,nos,Nosana,82965449,490,[]
ufo-gaming,ufo,UFO Gaming,7445639,1631,[]
iexec-rlc,rlc,iExec RLC,83069926,489,[]
hege,hege,Hege,7467520,1626,[]
chaingpt,cgpt,ChainGPT,83154660,488,[]
apwine,apw,Spectra [OLD],7471445,1630,[]
radix,xrd,Radix,83218098,487,[]
everclear,clear,Everclear,7472587,1629,[]
pundi-aifx,pundiai,Pundi AI,83352049,485,[]
staked-frax-usd,sfrxusd,Staked Frax USD,7478928,1628,[]
civic,cvc,Civic,83592131,486,[]
oobit,obt,Oobit,7480342,1627,[]
dymension,dym,Dymension,83623432,484,[]
eternalai,eai,EternalAI,7490564,1625,[]
taiko,taiko,Taiko,83716121,483,[]
evernode,evr,Evernode,7506553,1624,[]
mass-vehicle-ledger,mvl,MVL,84265409,482,[]
origin-dollar,ousd,Origin Dollar,7556973,1623,[]
delysium,agi,Delysium,84304653,481,[]
port3-network,port3,Port3 Network,7559679,1622,[]
frax-usd,frxusd,Frax USD,84867312,479,[]
mysterium,myst,Mysterium,7565414,1621,[]
venice-token,vvv,Venice Token,84870473,478,[]
patriot,patriot,Patriot,7588101,1619,[]
huobi-token,ht,Huobi,85291119,477,[]
beethoven-x,beets,Beethoven X,7588620,1620,[]
temple,temple,TempleDAO,85389151,476,[]
infiniticoin,inco,InfinitiCoin,7594572,1618,[]
verge,xvg,Verge,85693843,475,[]
bifrost-native-coin,bnc,Bifrost,7618464,1615,[]
sonic-svm,sonic,Sonic SVM,86819677,474,[]
efinity,efi,Efinity,7620891,1617,[]
hashkey-ecopoints,hsk,HashKey Platform Token,87149142,473,[]
laqira-protocol,lqr,Laqira Protocol,7626709,1616,[]
sbtc-2,sbtc,sBTC,87183105,472,[]
moon-tropica,cah,Moon Tropica,7645037,1613,[]
ai-rig-complex,arc,AI Rig Complex,87723256,469,[]
kiki-2,kiki,KIKICat,7663108,1601,[]
epic-cash,epic,Epic Cash,7676036,1612,[]
blast,blast,Blast,87948115,470,[]
cryptoautos,autos,CryptoAutos,7681014,1611,[]
request-network,req,Request,88220691,468,[]
caviar-3,cvr,Caviar,7690225,1610,[]
orca,orca,Orca,88791839,467,[]
metamars-2,mars,Metamars,7691227,1614,[]
marlin,pond,Marlin,88957148,466,[]
genomesdao-genome,genome,GenomesDAO GENOME,7703967,1609,[]
chromaway,chr,Chromia,88977533,465,[]
hypergpt,hgpt,HyperGPT,7709038,1608,[]
tokenlon,lon,Tokenlon,89186412,464,[]
kendu-inu,kendu,Kendu Inu,7720283,1607,[]
astherus-staked-bnb,asbnb,Astherus Staked BNB,90447491,463,[]
pancakeswap-token,cake,PancakeSwap,486097407,144,[]
pumpbtc,pumpbtc,pumpBTC,490357086,141,[]
binance-peg-dogecoin,doge,Binance-Peg Dogecoin,490561312,142,[]
true-usd,tusd,TrueUSD,493881459,140,[]
frax,frax,Frax,496106143,139,[]
beldex,bdx,Beldex,497376617,138,[]
grass,grass,Grass,499785071,137,[]
zcash,zec,Zcash,502537561,135,[]
mantle-restaked-eth,cmeth,Mantle Restaked ETH,504238140,136,[]
decentraland,mana,Decentraland,515676066,133,[]
dogwifcoin,wif,dogwifhat,516085242,132,[]
honey-3,honey,Honey,526443402,131,[]
raydium,ray,Raydium,532828813,130,[]
axie-infinity,axs,Axie Infinity,537727802,129,[]
curve-dao-token,crv,Curve DAO,537852234,128,[]
ronin,ron,Ronin,540170174,127,[]
helium,hnt,Helium,543536794,126,[]
ethereum,eth,Ethereum,263643407936,2,[]
resolv-usr,usr,Resolv USR,555658076,125,[]
elrond-erd-2,egld,MultiversX,556478892,124,[]
tether,usdt,Tether,142752600709,3,[]
jupiter-staked-sol,jupsol,Jupiter Staked SOL,590760661,123,[]
pyth-network,pyth,Pyth Network,601269193,122,[]
neo,neo,NEO,607394825,121,[]
pax-gold,paxg,PAX Gold,616196384,120,[]
blackrock-usd-institutional-digital-liquidity-fund,buidl,BlackRock USD Institutional Digital Liquidity Fund,624619333,119,[]
usdx-money-usdx,usdx,Stables Labs USDX,624740326,118,[]
telcoin,tel,Telcoin,647063715,117,[]
floki,floki,FLOKI,653521234,116,[]
ethereum-name-service,ens,Ethereum Name Service,665007271,115,[]
flow,flow,Flow,670149103,114,[]
kaia,kaia,Kaia,670154682,113,[]
msol,msol,Marinade Staked SOL,685205265,112,[]
renzo-restaked-eth,ezeth,Renzo Restaked ETH,694323524,111,[]
bitcoin-cash-sv,bsv,Bitcoin SV,697725596,109,[]
berachain-bera,bera,Berachain,706601614,107,[]
iota,iota,IOTA,711128928,105,[]
tether-gold,xaut,Tether Gold,715845845,104,[]
jito-governance-token,jto,Jito,720485119,103,[]
the-sandbox,sand,The Sandbox,726514811,102,[]
paypal-usd,pyusd,PayPal USD,747147645,101,[]
bittorrent,btt,BitTorrent,750603852,100,[]
tezos,xtz,Tezos,756436739,99,[]
gala,gala,GALA,760497714,98,[]
jasmycoin,jasmy,JasmyCoin,778029062,97,[]
eos,eos,EOS,804299364,96,[]
solv-protocol-solvbtc-bbn,solvbtc.bbn,Solv Protocol SolvBTC.BBN,870118844,95,[]
bonk,bonk,Bonk,900569679,94,[]
binance-staked-sol,bnsol,Binance Staked SOL,942305459,93,[]
lido-dao,ldo,Lido DAO,943682971,92,[]
the-graph,grt,The Graph,958692727,91,[]
worldcoin-wld,wld,Worldcoin,968677089,90,[]
mantle-staked-ether,meth,Mantle Staked Ether,987464096,89,[]
theta-token,theta,Theta Network,995103604,88,[]
sei-network,sei,Sei,997459512,87,[]
flare-networks,flr,Flare,999144098,86,[]
immutable-x,imx,Immutable,1008768535,85,[]
usual-usd,usd0,Usual USD,1011473818,84,[]
blockstack,stx,Stacks,1037280853,83,[]
dexe,dexe,DeXe,1061105707,82,[]
tomochain,vic,Viction,28585169,906,[]
paris-saint-germain-fan-token,psg,Paris Saint-Germain Fan Token,15981004,1223,[]
aquarius,aqua,Aquarius,28586584,905,[]
open-exchange-token,ox old,Open Exchange Token,16005139,1224,[]
aurora-dao,idex,IDEX,28658922,904,[]
flayer,flay,Flayer,16061144,1222,[]
basedai,basedai,BasedAI,28666463,903,[]
based-fartcoin,fartcoin,Based Fartcoin,16099157,1220,[]
arpa,arpa,ARPA,28723194,902,[]
butthole-coin,butthole,Butthole Coin,16166278,1219,[]
lto-network,lto,LTO Network,28795332,900,[]
everscale,ever,Everscale,16193685,1218,[]
groestlcoin,grs,Groestlcoin,28864694,901,[]
now-coin,now,Now Coin,16216736,1217,[]
liquity-bold,bold,Liquity BOLD,28910582,899,[]
wise-monkey,monky,Wise Monkey,16243892,1216,[]
origin-staked-s,os,Origin Sonic,29021632,898,[]
frok-ai,frok,Frok.ai,16250660,1215,[]
astherus-staked-usdf,asusdf,Astherus Staked USDF,29153338,897,[]
aki-protocol,aki,Aki Network,16255025,1213,[]
ix-swap,ixs,IX Swap,29298477,895,[]
flex-coin,flex,FLEX Coin,16263288,1214,[]
bitmex-token,bmex,BitMEX,29365687,896,[]
synternet-synt,synt,Synternet,16309455,1211,[]
bitrise-token,brise,Bitgert,29387988,894,[]
stride-staked-atom,statom,Stride Staked Atom,16336674,1212,[]
mossland,moc,Mossland,29427032,893,[]
seamless-protocol,seam,Seamless Protocol,16425449,1210,[]
melon,mln,Enzyme,29573030,891,[]
jackal-protocol,jkl,Jackal Protocol,16434945,1209,[]
stafi,fis,Stafi,29674527,889,[]
fc-barcelona-fan-token,bar,FC Barcelona Fan Token,16447164,1204,[]
moonrabbits,mrb,MoonRabbits,29692907,888,[]
measurable-data-token,mdt,Measurable Data,16452839,1208,[]
collaterize,collat,Collaterize,29774455,890,[]
fidu,fidu,Fidu,16463543,1207,[]
spectral,spec,Spectral,29818338,887,[]
cryptex-finance,ctx,Cryptex Finance,16519854,1205,[]
lion-cat,lcat,Lion Cat,29866804,886,[]
doginme,doginme,doginme,16549896,1203,[]
elysia,el,ELYSIA,30014149,885,[]
masa-finance,masa,Masa,16596187,1202,[]
firmachain,fct,Firmachain,30045595,884,[]
brickken,bkn,Brickken,16598296,1201,[]
catizen,cati,Catizen,30080089,883,[]
the-root-network,root,The Root Network,16625372,1200,[]
gogopool,ggp,GoGoPool,30081084,881,[]
shadow-2,shadow,Shadow,16670160,1199,[]
vyvo-smart-chain,vsc,Vyvo Smart Chain,30098356,882,[]
adex,adx,AdEx,16670754,1198,[]
black-agnus,ftw,Black Agnus,30133699,880,[]
octaspace,octa,OctaSpace,16697785,1196,[]
neuralai,neural,NEURALAI,30344471,879,[]
bedrock-btc,brbtc,Bedrock BTC,16700581,1197,[]
layer3,l3,Layer3,30389665,878,[]
ribbon-finance,rbn,Ribbon Finance,16796430,1195,[]
lista,lista,Lista DAO,30562244,877,[]
vita-inu,vinu,Vita Inu,16803418,1194,[]
marso-tech,marso,Marso.Tech,30595742,876,[]
parsiq,prq,PARSIQ,30625777,875,[]
book-2,stuff,STUFF.io,16871422,1192,[]
ancient8,a8,Ancient8,30649055,874,[]
kin,kin,Kin,16884673,1191,[]
myria,myria,Myria,30823355,873,[]
pain,pain,Pain,16898267,1206,[]
stader-maticx,maticx,Stader MaticX,30868513,872,[]
basenji,benji,Basenji,16937772,1190,[]
milady-meme-coin,ladys,Milady Meme Coin,30901904,871,[]
myro,$myro,Myro,16997337,1189,[]
ampleforth-governance-token,forth,Ampleforth Governance,31021091,870,[]
infrafred-bgt,ibgt,Infrared BGT,17002165,1181,[]
omisego,omg,OMG Network,31100229,869,[]
ceek,ceek,CEEK Smart VR,17003107,1188,[]
dacxi,dxi,Dacxi,31131861,868,[]
pharaoh,phar,Pharaoh,17007224,1187,[]
lukso-token-2,lyx,LUKSO,31313368,867,[]
skey-network,skey,Skey Network,17008797,1186,[]
slerf,slerf,Slerf,31412671,865,[]
verasity,vra,Verasity,17050060,1185,[]
limewire-token,lmwr,LimeWire,31433185,863,[]
trias-token,trias,TriasLab,17052885,1183,[]
tajir-tech-hub,tjrm,Tajir Tech Hub,31440370,864,[]
bitrue-token,btr,Bitrue Coin,17056440,1184,[]
amaterasu-omikami,omikami,AMATERASU OMIKAMI,31545216,862,[]
savings-crvusd,scrvusd,Savings crvUSD,17057457,1182,[]
deapcoin,dep,DEAPCOIN,31625170,861,[]
santos-fc-fan-token,santos,Santos FC Fan Token,17105197,1180,[]
lumia,lumia,Lumia,31650778,860,[]
oort,oort,OORT,17210758,1179,[]
pepe-unchained,pepu,Pepe Unchained,31733587,859,[]
dragonchain,drgn,Dragonchain,17252025,1178,[]
paraswap,psp,ParaSwap,31734770,866,[]
gems-vip,gems,Gems VIP,17343754,1177,[]
penumbra,um,Penumbra,31738858,858,[]
liquid-mercury,merc,Liquid Mercury,17352068,1176,[]
games-for-a-living,gfal,Games for a Living,31764187,857,[]
lukso-token,lyxe,LUKSO [OLD],17380573,1175,[]
neon,neon,Neon,31780880,856,[]
stratovm,svm,StratoVM,17427648,1170,[]
noon-usn,usn,Noon USN,31850441,855,[]
vebetterdao,b3tr,VeBetterDAO,17431023,1174,[]
sai,sai,Sai,31865912,854,[]
broccoli-3,broccoli,Broccoli,17443189,1172,[]
agoric,bld,Agoric,31892276,892,[]
sanctum-2,cloud,Cloud,17468872,1173,[]
genesysgo-shadow,shdw,Shadow Token,31895972,853,[]
onfa,oft,ONFA,17495060,1171,[]
marcopolo,mapo,MAP Protocol,32015062,851,[]
ramp,ramp,RAMP [OLD],17583169,1169,[]
pangolin,png,Pangolin,32035180,852,[]
sappy-seals-pixl,pixl,PIXL,17644083,1168,[]
automata,ata,Automata,32138022,849,[]
rupiah-token,idrt,Rupiah Token,17655993,1167,[]
radiant-capital,rdnt,Radiant Capital,32254549,848,[]
quickswap,quick,Quickswap,17716147,1165,[]
bitcoin-wizards,wzrd,Bitcoin Wizards,32455951,847,[]
biswap,bsw,Biswap,17719046,1166,[]
gearbox,gear,Gearbox,32466729,846,[]
gogopool-ggavax,ggavax,GoGoPool ggAVAX,17745959,1164,[]
redbelly-network-token,rbnt,Redbelly Network,32582788,845,[]
quick,quick,Quickswap [OLD],17778189,1163,[]
alpha-quark-token,aqt,Alpha Quark,32589793,842,[]
arbdoge-ai,aidoge,ArbDoge AI,17794056,1162,[]
tokenfi,token,TokenFi,32596817,844,[]
ripple,xrp,XRP,135743747124,4,[]
nacho-the-kat,nacho,Nacho the Kat,7724638,1606,[]
massa,mas,Massa,7730769,1605,[]
xsushi,xsushi,xSUSHI,7764653,1603,[]
drop-staked-atom,datom,Drop Staked ATOM,7777065,1602,[]
aerobud,aerobud,AEROBUD,7788619,1600,[]
laos-network,laos,LAOS Network,7789598,1598,[]
ambire-wallet,wallet,Ambire Wallet,7792082,1599,[]
dovu-2,dovu,DOVU,7800278,1604,[]
financie-token,fnct,Financie Token,7806192,1597,[]
sipher,sipher,SIPHER,7815116,1596,[]
saitachain-coin-2,stc,SaitaChain Coin,7834468,1595,[]
zenon-2,znn,Zenon,7844730,1593,[]
serum,srm,Serum,7850924,1594,[]
tgold,txau,tGOLD,7863222,1592,[]
npc-on-solana,npcs,NPC On Solana,7883298,1591,[]
base-god,tybg,Base God,7930580,1589,[]
lrt-squared,king,King Protocol,7931134,1590,[]
muse-2,muse,Muse DAO,7958936,1582,[]
360noscope420blazeit,mlg,360noscope420blazeit,7970188,1588,[]
nexacoin,nexa,Nexa,7973263,1585,[]
hsuite,hsuite,HbarSuite,7982506,1586,[]
toby-toadgod,toby,Toby ToadGod,7983734,1587,[]
phantasma,soul,Phantasma,8010228,1584,[]
primate,primate,Primate,8016129,1583,[]
gg-metagame,ggmt,GG MetaGame,8032847,1581,[]
ethervista,vista,Ethervista,8044790,1575,[]
viberate,vib,Viberate,8063965,1577,[]
kilt-protocol,kilt,KILT Protocol,8068198,1578,[]
cod3x,cdx,Cod3x,8081344,1579,[]
qlink,qlc,Kepple [OLD],8086754,1576,[]
torus,torus,Torus,8087027,1573,[]
stratos,stos,Stratos,8101819,1426,[]
lif3,lif3,LIF3 (OLD),8104180,1574,[]
derace,zerc,zkRace,8111920,1572,[]
mcdex,mcb,MUX Protocol,8142415,1570,[]
galaxia,gxa,Galaxia,8144465,1571,[]
strawberry-ai,berry,Strawberry AI,8190329,1548,[]
graphlinq-protocol,glq,GraphLinq Chain,8224685,1569,[]
smart-valor,valor,Smart Valor,8231356,1568,[]
ether-fi-staked-eigen,eeigen,ether.fi Staked EIGEN,8244851,1567,[]
flock-2,flock,FLOCK,8251601,1565,[]
bearxrpl,$bear,BEARXRPL,8280366,1566,[]
dingocoin,dingo,Dingocoin,8300582,1563,[]
timeless,lit,Timeless,8301392,1564,[]
decimal,del,Decimal,8333954,1561,[]
party-4,party,Party,8335747,1558,[]
emercoin,emc,EmerCoin,8351012,1560,[]
axel,axel,AXEL,8359792,1559,[]
babyboomtoken,bbt,BabyBoomToken,8391991,1557,[]
hawk-2,hawk,Hawk,8433959,1556,[]
dogi,dogi,dogi,8437263,1555,[]
modclub,dcd,DecideAI,8473732,1554,[]
bitcoin-usd-btcfi,btcusd,Bitcoin USD (BTCFi),8499640,1553,[]
gt-protocol,gtai,GT Protocol,8524657,1551,[]
broccoli-4,broccoli,Broccoli,8564752,1552,[]
squidgrow-2,sqgrow,SquidGrow,8565788,1547,[]
router-protocol-2,route,Router Protocol,8565927,1550,[]
tectonic,tonic,Tectonic,8606688,1549,[]
stardoge,stardoge,StarDOGE,8615370,1540,[]
unit-00-rei,rei,Rei,8616979,1546,[]
flux-token,flx,Flux Protocol,8620060,1562,[]
nuklai,nai,Nuklai,8645872,1545,[]
aurory,aury,Aurory,8659940,1544,[]
chainlink,link,Chainlink,9715372372,14,[]
pi-network,pi,Pi Network,11446007826,12,[]
staked-ether,steth,Lido Staked Ether,20433523897,11,[]
pwease,pwease,Pwease,32598172,843,[]
keyboard-cat-base,keycat,Keyboard Cat (Base),17877476,1160,[]
jambo,j,Jambo,32620457,841,[]
lido-staked-sol,stsol,Lido Staked SOL,17928472,1159,[]
reactive-network,react,Reactive Network,32682922,850,[]
gammaswap,gs,GammaSwap,17944583,1156,[]
cortex,ctxc,Cortex,32693259,840,[]
portal-2,portal,Portal,17963686,1158,[]
defiway,defi,Defiway,32762290,839,[]
voxies,voxel,Voxies,17984952,1157,[]
kyros-restaked-sol,kysol,Kyros Restaked SOL,32793678,837,[]
houdini-swap,lock,Houdini Swap,18041025,1154,[]
xtusd,xtusd,XT Stablecoin XTUSD,32854750,838,[]
number,$number,NUMBER,18044675,1155,[]
xpla,xpla,XPLA,32999965,836,[]
qash,qash,QASH,18083378,1153,[]
hive_dollar,hbd,Hive Dollar,33068373,835,[]
spectre-ai,spectre,Spectre AI,18116671,1152,[]
xion-2,xion,XION,33154812,834,[]
pythia,pythia,PYTHIA,18183837,1151,[]
derive,drv,Derive,33192443,833,[]
weatherxm-network,wxm,WeatherXM,18232801,1150,[]
whiteheart,white,Whiteheart,33223421,830,[]
cornucopias,copi,Cornucopias,18256116,1149,[]
aergo,aergo,Aergo,33240323,832,[]
ucash,ucash,U.CASH,18278207,1148,[]
platon-network,lat,PlatON Network,33263458,829,[]
orby-network-usc-stablecoin,usc,Orby Network USC Stablecoin,18290216,1147,[]
mister-miggles,miggles,Mister Miggles,33269293,825,[]
stake-dao,sdt,Stake DAO,18303661,1146,[]
parcl,prcl,Parcl,33283599,828,[]
wen-4,wen,Wen,18364231,1145,[]
thunder-token,tt,ThunderCore,33315846,827,[]
bxn,bxn,BXN,18389648,1142,[]
stonks-5,stonks,STONKS,33467676,831,[]
department-of-government-efficiency,doge,Department Of Government Efficiency,18393649,1143,[]
zerebro,zerebro,Zerebro,33491125,822,[]
american-coin,usa,American Coin,18395558,1144,[]
phoenix-global,phb,Phoenix,33491294,826,[]
game-by-virtuals,game,GAME by Virtuals,18423731,1138,[]
pirate-chain,arrr,Pirate Chain,33534237,824,[]
strikecoin,strx,StrikeX,18423839,1141,[]
cargox,cxo,CargoX,33538562,823,[]
zcoin,firo,Firo,18448395,1140,[]
alien-worlds,tlm,Alien Worlds,33591791,821,[]
musmecoin,msm,MusmeCoin,18468350,1139,[]
socrates,soc,Socrates,33713583,820,[]
harvest-finance,farm,Harvest Finance,18493563,1137,[]
pixels,pixel,Pixels,34039535,819,[]
vertical-ai,vertai,Vertical AI,18495352,1134,[]
btu-protocol,btu,BTU Protocol,34251962,818,[]
gamercoin,ghx,GamerCoin,18538238,1135,[]
neiro-on-eth,neiro,Neiro on ETH,34316453,817,[]
michicoin,$michi,michi,18540781,1136,[]
loom-network,loomold,Loom Network (OLD),34349694,816,[]
staked-hype,sthype,Staked HYPE,18618977,1133,[]
sperax,spa,Sperax,34587810,815,[]
grok-2,$grok,Grok,18654109,1132,[]
heima,hei,Heima,34664985,814,[]
bfg-token,bfg,BFG Token,18691710,1130,[]
rss3,rss3,RSS3,34742487,812,[]
aura-bal,aurabal,Aura BAL,18704827,1131,[]
degate,dg,DeGate,34874803,813,[]
bob-3,bob,BOB,18735680,1118,[]
cudos,cudos,Cudos,34926863,811,[]
alpha-fi,alpha,Alpha Fi,18763192,1129,[]
mainframe,mft,Mainframe,34997949,810,[]
yuli,yuli,YULI,18768119,1128,[]
marinade,mnde,Marinade,35031813,808,[]
gxchain,gxc,GXChain,18804374,1127,[]
landwolf-0x67,wolf,LandWolf,35061514,809,[]
retardio,retardio,RETARDIO,18805527,1126,[]
stader,sd,Stader,35234057,807,[]
duckchain-token,duck,DuckChain Token,18849291,1125,[]
web-3-dollar,usd3,Web 3 Dollar,35516856,806,[]
tranchess,chess,Tranchess,18855289,1124,[]
celo-dollar,cusd,Celo Dollar,35559039,805,[]
polymath,poly,Polymath,18989309,1123,[]
synfutures,f,SynFutures,35568781,804,[]
limitus,lmt,LIMITUS,19090547,1122,[]
lever,lever,LeverFi,35677806,803,[]
beta-finance,beta,Beta Finance,19135839,1121,[]
vitadao,vita,VitaDAO,35790882,802,[]
zusd,zusd,ZUSD,19173636,1119,[]
universal-eth,unieth,Universal ETH,35873354,801,[]
kishu-inu,kishu,Kishu Inu,19209168,1120,[]
solv-protocol-solvbtc-core,solvbtc.core,Solv Protocol SolvBTC.CORE,35915239,799,[]
blub-2,blub,Blub,19272462,1117,[]
gods-unchained,gods,Gods Unchained,35944232,800,[]
crow-with-knife,caw,crow with knife,19308508,1116,[]
bim,bim,BIM,35949725,798,[]
hackenai,hai,Hacken,19329517,1114,[]
magic-internet-money-runes,mim,MAGIC•INTERNET•MONEY (Bitcoin),35988957,797,[]
mnee-usd-stablecoin,mnee,MNEE USD Stablecoin,19351317,1115,[]
binance-peg-dai,dai,Binance-Peg DAI,36029446,796,[]
hanu-yokia,hanu,Hanu Yokia,19413971,1113,[]
nodeai,gpu,NodeAI,36096193,794,[]
star-atlas-dao,polis,Star Atlas DAO,19463488,1112,[]
alpha-finance,alpha,Stella,36101594,793,[]
mooxmoo,moox,MOOxMOO,19494101,1111,[]
suilend,send,Suilend,36113240,795,[]
idia,idia,Impossible Finance Launchpad,19502413,1109,[]
clover-finance,clv,Clover Finance,36387020,792,[]
mango-markets,mngo,Mango,19524932,1110,[]
radicle,rad,Radworks,36394412,791,[]
ageur,eura,EURA,19567237,1108,[]
xtcom-token,xt,XT.com,36432294,790,[]
bobo-coin,bobo,BOBO Coin,19595053,1107,[]
nfprompt-token,nfp,NFPrompt,36540381,789,[]
mcoin1,mcoin,MCOIN,19596455,1106,[]
vulcan-forged,pyr,Vulcan Forged,36573686,788,[]
unchain-x,unx,Unchain X,19628264,1104,[]
snowbank,sb,Snowbank,36615317,786,[]
og-fan-token,og,OG Fan Token,19650096,1091,[]
hooked-protocol,hook,Hooked Protocol,36623545,787,[]
magpie,mgp,Magpie,19674171,1102,[]
unizen,zcx,Unizen,36691149,785,[]
purple-pepe,purpe,PURPLE PEPE,19676324,1103,[]
aventis-ai,aai,Aventis AI,36762191,784,[]
tokemak,toke,Tokemak,19677752,1100,[]
orderly-network,order,Orderly Network,37103846,782,[]
manta-meth,meth,Manta mETH,19697372,1101,[]
saucerswap,sauce,SaucerSwap,37108042,783,[]
shapeshift-fox-token,fox,ShapeShift FOX,19724519,1099,[]
helio-protocol-hay,lisusd,Lista USD,37457009,781,[]
bluzelle,blz,Bluzelle,19734756,1098,[]
metadium,meta,Metadium,37560761,780,[]
binancecoin,bnb,BNB,85375067217,5,[]
big-time,bigtime,Big Time,91377005,462,[]
dkargo,dka,dKargo,91415348,460,[]
ong,ong,Ontology Gas,91596474,458,[]
gama-coin,gama,GAMA Coin,91620306,459,[]
orbs,orbs,Orbs,91778480,457,[]
ignition-fbtc,fbtc,Function ƒBTC,92273521,456,[]
moonbeam,glmr,Moonbeam,92862668,455,[]
wax,waxp,WAX,92981749,454,[]
clearpool,cpool,Clearpool,95277435,452,[]
iostoken,iost,IOST,91488292,461,[]
power-ledger,powr,Powerledger,95429580,451,[]
ecoin-2,ecoin,Ecoin,95498064,450,[]
everipedia,iq,IQ,95723850,449,[]
sathosi-airlines-token,jet,Satoshi Airline,96197259,448,[]
bora,bora,BORA,96495069,445,[]
zircuit,zrc,Zircuit,96652007,447,[]
pha,pha,PHALA,96723697,446,[]
venus,xvs,Venus,97049827,444,[]
zano,zano,Zano,97111367,443,[]
book-of-meme,bome,BOOK OF MEME,97203869,442,[]
across-protocol,acx,Across Protocol,97303301,441,[]
anzen-usdz,usdz,Anzen USDz,97425018,440,[]
astherus-usdf,usdf,Astherus USDF,98601454,439,[]
bitmart-token,bmx,BitMart,98768837,436,[]
usds,usds,USDS,8271450559,20,[]
infinitar-governance-token,igt,Infinitar Governance Token,98784066,438,[]
paal-ai,paal,PAAL AI,98921922,437,[]
peaq-2,peaq,peaq,99142896,435,[]
crypto-trading-fund,ctf,Crypto Trading Fund,99476698,434,[]
space-id,id,SPACE ID,99780722,433,[]
avalon-2,avl,Avalon,99845753,431,[]
spell-token,spell,Spell,100671625,432,[]
iagon,iag,Iagon,100824260,430,[]
balancer,bal,Balancer,101111418,429,[]
geodnet,geod,Geodnet,101327637,427,[]
solayer-staked-sol,ssol,Solayer Staked SOL,101476910,428,[]
blockv,vee,BLOCKv,101516883,426,[]
lisk,lsk,Lisk,101586420,425,[]
altlayer,alt,AltLayer,103213280,424,[]
oec-token,okt,OKT Chain,103321920,423,[]
velo,velo,Velo,103583337,421,[]
supra,supra,Supra,103621322,422,[]
audius,audio,Audius,103954564,419,[]
status,snt,Status,103966389,420,[]
leo-token,leo,LEO Token,9019994567,17,[]
aixbt,aixbt,aixbt by Virtuals,104346230,417,[]
anime,anime,Animecoin,104794499,416,[]
uma,uma,UMA,104987832,414,[]
manta-network,manta,Manta Network,104991371,415,[]
aleo,aleo,ALEO,105212558,413,[]
resolv-rlp,rlp,Resolv RLP,105977845,411,[]
steakhouse-usdc-morpho-vault,steakusdc,Steakhouse USDC Morpho Vault,106008119,410,[]
vvs-finance,vvs,VVS Finance,106361970,412,[]
neiro-3,neiro,Neiro,106789020,409,[]
zeus-network,zeus,Zeus Network,107405367,407,[]
avail,avail,Avail,107543656,406,[]
adventure-gold,agld,Adventure Gold,107626135,405,[]
zebec-network,zbcn,Zebec Network,108195104,404,[]
uxd-protocol-token,uxp,UXD Protocol,108934830,402,[]
solo-coin,solo,Sologenic,108935383,403,[]
bonfida,fida,Solana Name Service,109353028,401,[]
auction,auction,Bounce,109685826,400,[]
memecoin-2,meme,Memecoin,110145058,399,[]
sui,sui,Sui,7969649504,21,[]
injective-protocol,inj,Injective,1073325262,81,[]
linqai,lnq,LinqAI,8682209,1543,[]
rocket-pool-eth,reth,Rocket Pool ETH,1090412068,80,[]
pocketcoin,pkoin,Pocketcoin,8689921,1542,[]
nexo,nexo,NEXO,1139463605,79,[]
sentinel,dvpn,Sentinel,8743673,1541,[]
maker,mkr,Maker,1144806283,78,[]
leisuremeta,lm,LeisureMeta,8746759,1538,[]
xdce-crowd-sale,xdc,XDC Network,1155646428,77,[]
vidt-dao,vidt,VIDT DAO,8753391,1539,[]
quant-network,qnt,Quant,1198251913,76,[]
waterneuron,wtn,WaterNeuron,8786325,1537,[]
solv-btc,solvbtc,Solv Protocol SolvBTC,1210253280,75,[]
viralmind,viral,ViralMind,8792082,1536,[]
story-2,ip,Story,1226921356,74,[]
cakepie-xyz,ckp,Cakepie,8798015,1535,[]
kelp-dao-restaked-eth,rseth,Kelp DAO Restaked ETH,1243651106,73,[]
borgy,$borgy,BORGY,8810175,1534,[]
movement,move,Movement,1265156243,72,[]
micro-gpt,$micro,Micro GPT,8835242,1533,[]
binance-peg-weth,weth,Binance-Peg WETH,1320833321,71,[]
evervalue-coin,eva,EverValue Coin,8910785,1532,[]
kucoin-shares,kcs,KuCoin,1387973368,70,[]
meeds-dao,meed,Meeds DAO,8931227,1531,[]
fetch-ai,fet,Artificial Superintelligence Alliance,1471009531,69,[]
jupiter-exchange-solana,jup,Jupiter,1491765069,68,[]
wink-2,wink,WINK,8950673,1529,[]
optimism,op,Optimism,1517279773,67,[]
extra-finance,extra,Extra Finance,8952927,1528,[]
sonic-3,s,Sonic (prev. FTM),1550434349,66,[]
atletico-madrid,atm,Atletico Madrid Fan Token,8973941,1522,[]
fasttoken,ftn,Fasttoken,1715294061,65,[]
juno-network,juno,JUNO,8996208,1526,[]
arbitrum,arb,Arbitrum,1716431146,64,[]
uton,uton,uTON,8998854,1527,[]
lombard-staked-btc,lbtc,Lombard Staked BTC,1764163705,63,[]
osmi,osmi,OSMI,9005785,1525,[]
poo-chi,$sir,Poo Chi,9014807,1524,[]
render-token,render,Render,1788221716,61,[]
aeternity,ae,Aeternity,9023383,1523,[]
cosmos,atom,Cosmos Hub,1797050088,60,[]
kinetixfi,kai,Kinetix Finance Token,9052822,1521,[]
kaspa,kas,Kaspa,1865813157,59,[]
bloktopia,blok,Bloktopia,9068608,1520,[]
algorand,algo,Algorand,1883290319,58,[]
stonks-4,stnk,Stonks,9089309,1517,[]
filecoin,fil,Filecoin,1972877649,57,[]
polygon-ecosystem-token,pol,POL (ex-MATIC),2093811102,56,[]
miu-2,miu,MIU,9093080,1519,[]
first-digital-usd,fdusd,First Digital USD,2109845204,55,[]
bmx,bmx,BMX,9137504,1516,[]
bittensor,tao,Bittensor,2298819501,54,[]
celestia,tia,Celestia,1780902836,62,[]
billion-dollar-cat-runes,bdc,BILLION•DOLLAR•CAT (Bitcoin),9147551,1515,[]
ethena,ena,Ethena,2305827861,53,[]
hoppy-meme,hoppy,Hoppy,9171583,1514,[]
vechain,vet,VeChain,2333625673,52,[]
keep3rv1,kp3r,Keep3rV1,9177496,1513,[]
tokenize-xchange,tkx,Tokenize Xchange,2352943464,51,[]
ston-2,ston,STON,9232665,1511,[]
mantle,mnt,Mantle,2362730764,50,[]
memefi-2,memefi,MemeFi,9235415,1512,[]
official-trump,trump,Official Trump,2395054273,49,[]
meth-protocol,cook,mETH Protocol,9262273,1510,[]
crypto-com-chain,cro,Cronos,2453350858,48,[]
penpie,pnp,Penpie,9313552,1505,[]
gatechain-token,gt,Gate,2600642052,46,[]
vaderai-by-virtuals,vader,VaderAI by Virtuals,9318196,1508,[]
okb,okb,OKB,2613372284,45,[]
ryujin,ryu,RyuJin,9321614,1507,[]
pepe,pepe,Pepe,2752494933,44,[]
pinto,pinto,Pinto,9321703,1506,[]
internet-computer,icp,Internet Computer,2830401778,43,[]
wemix-dollar,wemix$,WEMIX Dollar,9324200,1503,[]
aave,aave,Aave,2955531371,42,[]
manchester-city-fan-token,city,Manchester City Fan Token,9357430,1500,[]
ethereum-classic,etc,Ethereum Classic,3002561937,41,[]
conan-meme,conan,Conan Meme,9366647,1499,[]
ondo-finance,ondo,Ondo,3030206140,40,[]
pumpkin-4,pkin,Pumpkin,9366907,1504,[]
dai,dai,Dai,3267072807,39,[]
polytrade,trade,Polytrade,9375145,1502,[]
susds,susds,sUSDS,3296937855,38,[]
veil-token,veil,Veil Token,9375796,1501,[]
near,near,NEAR Protocol,3393699499,37,[]
xbit,xbt,Xbit,9401503,1498,[]
as-roma-fan-token,asr,AS Roma Fan Token,9449604,1494,[]
aptos,apt,Aptos,3584197490,36,[]
beny-bad-boy,bbb,Beny Bad Boy,9451521,1497,[]
monero,xmr,Monero,4031710766,35,[]
luna-by-virtuals,luna,Luna by Virtuals,9459655,1490,[]
whitebit,wbt,WhiteBIT Coin,4184413867,34,[]
based-eth,bsdeth,Based ETH,9477135,1496,[]
uniswap,uni,Uniswap,4243819966,33,[]
wagmi-game-2,wagmigames,WAGMI Games,9477225,1495,[]
avalaunch,xava,Avalaunch,9487656,1493,[]
hyperliquid,hype,Hyperliquid,5120134063,31,[]
super-champs,champ,Super Champs,9536583,1492,[]
ethena-usde,usde,Ethena USDe,5452940860,30,[]
forty-two-dao-token,ftd,Forty Two DAO Token,9560901,1489,[]
weth,weth,WETH,6325347862,28,[]
steem-dollars,sbd,Steem Dollars,9573083,1488,[]
mantra-dao,om,MANTRA,6516045936,27,[]
pawswap,paw,PAW,9574243,1487,[]
polkadot,dot,Polkadot,6592657158,26,[]
archway,arch,Archway,9589411,1491,[]
the-open-network,ton,Toncoin,7224705706,25,[]
bitcoin-pro,btcp,Bitcoin Pro,9621158,1486,[]
bitget-token,bgb,Bitget Token,5590177550,29,[]
ethichub,ethix,Ethix,9627333,1485,[]
blocklords,lrds,BLOCKLORDS,9660916,1484,[]
shiba-inu,shib,Shiba Inu,7435343425,24,[]
bitcoin-cash,bch,Bitcoin Cash,7560040934,23,[]
mettalex,mtlx,Mettalex,9686117,1482,[]
hive-ai,buzz,Hive AI,9707464,1480,[]
zyncoin-2,zyn,ZynCoin,9711679,1481,[]
pluton,plu,Pluton,9752688,1483,[]
usd-coin,usdc,USDC,58104654851,7,[]
litecoin,ltc,Litecoin,7623430942,22,[]
ava-ai,ava,Ava AI,37561320,779,[]
jett-crypto,jett,JETT CRYPTO,37580312,778,[]
electroneum,etn,Electroneum,37722146,777,[]
superrare,rare,SuperRare,37771503,776,[]
nkn,nkn,NKN,37821379,775,[]
tokpie,tkp,TOKPIE,37847838,772,[]
researchcoin,rsc,ResearchCoin,37871598,774,[]
mobox,mbox,Mobox,37907771,773,[]
milady-cult-coin,cult,Milady Cult Coin,38261675,767,[]
bc-token,bc,BCGame Coin,38336608,770,[]
relend-usdc,reusdc,Relend USDC,38382108,769,[]
meta-2,meta,META,38392762,768,[]
ufo-token,ufo,UFO Token,38400346,771,[]
endurance,ace,Fusionist,38458972,766,[]
bakerytoken,bake,BakerySwap,38532118,765,[]
maverick-protocol,mav,Maverick Protocol,38642308,764,[]
merlin-chain,merl,Merlin Chain,38729274,760,[]
radio-caca,raca,Radio Caca,38745174,761,[]
big-dog-fink,bink,Big Dog Fink,38802569,762,[]
reservoir-rusd,rusd,Reservoir rUSD,38891482,759,[]
morphware,xmw,Morphware,38925679,758,[]
hydradx,hdx,Hydration,38943713,757,[]
mcdull,mcdull,McDull (Meme),39053932,756,[]
socean-staked-sol,inf,Sanctum Infinity,39319846,755,[]
railgun,rail,Railgun,39366083,754,[]
moo-deng,moodeng,Moo Deng,39563764,753,[]
poollotto-finance,plt,Poollotto.finance,39711425,752,[]
syscoin,sys,Syscoin,39911872,751,[]
covalent-x-token,cxt,Covalent X Token,39920069,750,[]
minswap,min,Minswap,39991812,749,[]
morpheusai,mor,MorpheusAI,40020973,748,[]
swarms,swarms,Swarms,40065925,746,[]
dao-maker,dao,DAO Maker,40128397,747,[]
trufin-staked-matic,trumatic,TruFin Staked MATIC,40229470,745,[]
vine,vine,Vine,40326149,744,[]
binance-peg-avalanche,avax,Binance-Peg Avalanche,40375486,743,[]
kujira,kuji,Kujira,40505842,742,[]
marblex,mbx,MARBLEX,40639452,741,[]
concierge-io,ava,AVA (Travala),40644746,740,[]
concordium,ccd,Concordium,40953279,739,[]
alephium,alph,Alephium,41011539,738,[]
carry,cre,Carry,41119037,737,[]
helium-iot,iot,Helium IOT,41150176,736,[]
anvil,anvl,Anvil,41282155,735,[]
spacen,sn,SpaceN,41322828,734,[]
moviebloc,mbl,MovieBloc,41359505,733,[]
altura,alu,Altura,41380932,731,[]
hermetica-usdh,usdh,Hermetica USDh,5012425,1874,[]
neutron-3,ntrn,Neutron,41591050,729,[]
memes,memes,MEMES,5013874,1873,[]
storm,stmx,StormX,41611355,728,[]
carbon-browser,csix,Carbon Browser,5022118,1872,[]
debridge,dbr,deBridge,41630289,727,[]
afreum,afr,Afreum,5024516,1871,[]
chainflip,flip,Chainflip,41747413,726,[]
cjournal,ucjl,Utility Cjournal,5027822,1870,[]
sosovalue,soso,SoSoValue,41778764,730,[]
farm-2,farm,FARM,5034762,1869,[]
sudeng,hippo,sudeng,41947579,725,[]
digits-dao,digits,Digits DAO,5051200,1868,[]
hashflow,hft,Hashflow,41992982,724,[]
welf,welf,WELF,5052701,1867,[]
xterio,xter,Xterio,41995578,722,[]
wadzcoin,wco,W Coin,5057222,1866,[]
polyswarm,nct,PolySwarm,42058565,723,[]
jeff-3,jeff,Jeff,5059608,1865,[]
paladin,pal,Paladin,5059686,1864,[]
dar-open-network,d,Dar Open Network,42170306,720,[]
nani,⌘,NANI,5060243,1863,[]
dego-finance,dego,Dego Finance,42180297,719,[]
shido-2,shido,Shido Network,5063938,1862,[]
storj,storj,Storj,42319586,717,[]
project-with,wiken,Project WITH,5076062,1861,[]
forgive-me-father,$purge,Forgive Me Father,5081158,1860,[]
deso,deso,Decentralized Social,110775769,398,[]
euler,eul,Euler,110894535,397,[]
aevo-exchange,aevo,Aevo,112044440,396,[]
prometeus,prom,Prom,112423046,395,[]
icon,icx,ICON,112551517,394,[]
qubic-network,qubic,Qubic,113126082,393,[]
syrup,syrup,Maple Finance,113765316,392,[]
melania-meme,melania,Melania Meme,114196877,391,[]
tensor,tnsr,Tensor,114600883,390,[]
zelcash,flux,Flux,114783849,389,[]
realtoken-ecosystem-governance,reg,RealToken Ecosystem Governance,114987068,388,[]
cow-protocol,cow,CoW Protocol,115645387,387,[]
illuvium,ilv,Illuvium,116184160,386,[]
biconomy,bico,Biconomy,116679894,385,[]
nkyc-token,nkyc,NKYC Token,116878250,384,[]
g-token,g,Gravity,117183125,383,[]
eutbl,eutbl,Spiko EU T-Bills Money Market Fund,117348186,382,[]
metis-token,metis,Metis,118872838,380,[]
global-dollar,usdg,Global Dollar,118997921,379,[]
rocket-pool,rpl,Rocket Pool,119213527,378,[]
bybit-staked-sol,bbsol,Bybit Staked SOL,119241392,377,[]
compound-ether,ceth,cETH,119650648,376,[]
mythos,myth,Mythos,120617342,375,[]
hive,hive,Hive,120751179,374,[]
alchemy-pay,ach,Alchemy Pay,120864686,373,[]
venom,venom,Venom,121026620,372,[]
usual,usual,Usual,121801353,371,[]
b3,b3,B3 (Base),123227838,370,[]
m2-global-wealth-limited-mmx,mmx,MMX,123354002,369,[]
global-commercial-business,gcb,Global Commercial Business,124073557,368,[]
polyhedra-network,zkj,Polyhedra Network,124086627,367,[]
swipe,sxp,Solar,124249090,366,[]
proton,xpr,XPR Network,124451093,365,[]
coti,coti,COTI,124827377,364,[]
kinesis-silver,kag,Kinesis Silver,124867922,363,[]
euro-coin,eurc,EURC,125266546,362,[]
sushi,sushi,Sushi,127807329,361,[]
hamster-kombat,hmstr,Hamster Kombat,128314753,360,[]
ipmb,gpro,GoldPro,129839750,358,[]
swftcoin,swftc,SWFTCOIN,132248562,357,[]
loopring,lrc,Loopring,132335329,356,[]
frax-share,fxs,Frax Share,132556769,355,[]
zignaly,zig,ZIGChain,132819579,354,[]
band-protocol,band,Band Protocol,133369287,353,[]
kinesis-gold,kau,Kinesis Gold,134061480,352,[]
stasis-eurs,eurs,STASIS EURO,134275248,351,[]
io,io,io.net,134484796,350,[]
ripple-usd,rlusd,Ripple USD,135000523,349,[]
reserve-protocol-eth-plus,eth+,ETHPlus,135871688,348,[]
project-galaxy,gal,Galxe,136485993,347,[]
stepn,gmt,GMT,137223414,346,[]
terra-luna-2,luna,Terra,137276085,345,[]
bnb48-club-token,koge,KOGE,138859065,344,[]
ontology,ont,Ontology,140188907,343,[]
nxm,nxm,Nexus Mutual,140543267,342,[]
casper-network,cspr,Casper Network,142241942,340,[]
mag7-ssi,mag7.ssi,MAG7.ssi,143104713,339,[]
waves,waves,Waves,144290857,338,[]
kadena,kda,Kadena,144742980,337,[]
magic-eden,me,Magic Eden,146053031,336,[]
propbase,props,Propbase,9756759,1479,[]
cere-network,cere,Cere Network,9765203,1478,[]
feg-token-2,feg,FEED EVERY GORILLA,9781809,1476,[]
hashpack,pack,HashPack,9789093,1475,[]
talos,talos,Talos,9809224,1477,[]
alpaca-finance,alpaca,Alpaca Finance,9824619,1473,[]
airswap,ast,AirSwap,9825557,1474,[]
binance-peg-eos,eos,Binance-Peg EOS,9859697,1471,[]
jam,jam,JAM,9869494,1470,[]
yieldnest-restaked-eth,yneth,YieldNest Restaked ETH,9897208,1472,[]
xswap-2,xswap,XSwap,9914551,1469,[]
gyen,gyen,GYEN,9922752,1468,[]
vnx-swiss-franc,vchf,VNX Swiss Franc,9923550,1467,[]
black-unicorn-corp,moon,Black Unicorn Corp.,9925794,1465,[]
acolyte-by-virtuals,acolyt,Acolyt,9953552,1464,[]
fpi-bank,fpibank,FPI Bank,9973440,1459,[]
seda-2,seda,SEDA,9989499,1463,[]
chronobank,time,chrono.tech,10043367,1461,[]
foxy,foxy,Foxy,10047348,1462,[]
aarma-2,arma,Aarma,10056782,1460,[]
vaiot,vai,VAIOT,10095481,1458,[]
bellscoin,bells,Bellscoin,10136018,1457,[]
puss,puss,Puss,10160221,1455,[]
gout,gout,GOUT,10175830,1456,[]
tensorplex-staked-tao,sttao,Tensorplex Staked TAO,10179425,1454,[]
bugscoin,bgsc,BugsCoin,10234134,1450,[]
avc,avc,AVC,10235501,1466,[]
metahero,hero,Metahero,10238553,1453,[]
comtech-gold,cgo,Comtech Gold,10257643,1452,[]
defi-money,money,Defi.money,10271178,1451,[]
mfercoin,mfer,mfercoin,10275433,1449,[]
camelot-token,grail,Camelot Token,10359966,1447,[]
veno-finance,vno,Veno Finance,10371203,1448,[]
dmail-network,dmail,Dmail Network,10377087,1446,[]
upcx,upc,UPCX,10401271,1444,[]
pibble,pib,Pibble,10407672,1445,[]
unlend-finance,uft,UniLend Finance,10432968,1443,[]
bad-idea-ai,bad,Bad Idea AI,10434405,1442,[]
galatasaray-fan-token,gal,Galatasaray Fan Token,10477883,1441,[]
partisia-blockchain,mpc,Partisia Blockchain,10493876,1440,[]
zeta,zex,Zeta,10528358,1437,[]
openfabric,ofn,Openfabric AI,10543563,1439,[]
solcasino-token,scs,Solcasino Token,10551487,1438,[]
juventus-fan-token,juv,Juventus Fan Token,10589375,1434,[]
streamflow,stream,Streamflow,10590154,1436,[]
zkml,zkml,zKML,10616126,1435,[]
dream-machine-token,dmt,Dream Machine Token,10629970,1431,[]
nibiru,nibi,Nibiru,10642038,1430,[]
sei-fastusd,fastusd,Sei fastUSD,10645167,1432,[]
trustswap,swap,TrustSwap,10681690,1429,[]
stader-bnbx,bnbx,Stader BNBx,10720639,1428,[]
tectum,tet,Tectum,10760654,1425,[]
fulcrom,ful,Fulcrom,10776710,1427,[]
observer-coin,obsr,Observer,10778451,1423,[]
galeon,galeon,Galeon,10816092,1421,[]
onbuff,lwa,LumiWave,10821170,1424,[]
mileverse,mvc,MileVerse,10826925,1414,[]
peipeicoin-vip,peipei,PeiPei,10832884,1419,[]
yfii-finance,yfii,DFI.money,10833865,1420,[]
shiba-inu-treat,treat,Shiba Inu Treat,10834243,1417,[]
octus-bridge,bridge,Octus Bridge,10875744,1418,[]
wazirx,wrx,WazirX,10900078,1416,[]
kleros,pnk,Kleros,10916942,1412,[]
telos,tlos,Telos,42378719,716,[]
lea-ai,lea,LEA AI,5085675,1859,[]
subsquid,sqd,SQD,42481555,715,[]
megalink,mg8,Megalink,5089739,1858,[]
thala-apt,thapt,Thala APT,42984917,714,[]
snpad,snpad,SNPad,5090392,1857,[]
elastos,ela,Elastos,43044369,713,[]
solanium,slim,Solanium,5099812,1856,[]
zedxion,zedxion,Zedxion,43127820,711,[]
gertrudedatapig,gdp,GertrudeDataPig,5102866,1855,[]
saga-2,saga,Saga,43201567,710,[]
alpha-city,ameta,Alpha City,5109732,1854,[]
taraxa,tara,Taraxa,43292086,712,[]
we-love-t,tits,We Love Tits,5111275,1853,[]
888-token,888,888,5114226,1852,[]
sweatcoin,sweat,Sweat Economy,43716035,708,[]
beets,beets,Beets,5120804,1851,[]
griffain,griffain,GRIFFAIN,43898291,707,[]
bitbonk,bbonk,BitBonk,5121775,1850,[]
rif-token,rif,RSK Infrastructure Framework,44262007,706,[]
bytecoin,bcn,Bytecoin,5126622,1849,[]
edu-coin,edu,Open Campus,44494564,705,[]
solanahub-staked-sol,hubsol,SolanaHub staked SOL,5135295,1848,[]
origin-protocol,ogn,Origin Token,44515565,704,[]
blendr-network,blendr,Blendr Network,5142230,1847,[]
bitcoin-gold,btg,Bitcoin Gold,44664691,703,[]
draggin-karma-points,dkp,Draggin Karma Points,5144270,1846,[]
solidus-aitech,aitech,Solidus Ai Tech,44751628,702,[]
atlas-navi,navi,Atlas Navi,5144744,1845,[]
societe-generale-forge-eurcv,eurcv,EUR CoinVertible,44824565,701,[]
zambesigold,zgd,ZambesiGold,5153052,1844,[]
silo-finance,silo,Silo Finance,45070909,700,[]
paragonsdao,pdt,ParagonsDAO,5162465,1843,[]
aleph-zero,azero,Aleph Zero,45322555,699,[]
stool-prisondente,jailstool,Stool Prisondente,5164323,1842,[]
strike,strike,Strike,45396852,698,[]
synapse-2,syn,Synapse,45539859,696,[]
stride-staked-osmo,stosmo,Stride Staked Osmo,5179291,1840,[]
cortex-2,cx,Cortex,45649804,694,[]
snap-kero,$nap,SNAP,5194249,1839,[]
acala,aca,Acala,45676723,697,[]
send-token,send,Send [OLD],5207588,1838,[]
moonwell-flagship-eth-morpho-vault,mweth,Moonwell Flagship ETH (Morpho Vault),45816028,693,[]
blockasset,block,Blockasset,5211766,1837,[]
berachain-staked-eth,beraeth,Berachain Staked ETH,46071342,692,[]
bifrost,bfc,Bifrost,46075696,691,[]
lattice-token,ltx,Lattice,5227303,1835,[]
dynex,dnx,Dynex,5231375,1834,[]
uquid-coin,uqc,Uquid Coin,46355646,689,[]
eigenpie,egp,Eigenpie,5236011,1833,[]
gains-network,gns,Gains Network,46569879,688,[]
zer0zer0,00,00 Token,5240126,1832,[]
orchid-protocol,oxt,Orchid Protocol,46671293,687,[]
banana-gun,banana,Banana Gun,46672290,686,[]
metaverse,metav,METAVERSE,5273528,1830,[]
czs-dog,broccoli,CZ'S Dog,46727661,695,[]
dolz-io,dolz,DOLZ.io,5285821,1829,[]
alchemist-ai,alch,Alchemist AI,47168400,685,[]
handy,handy,Handy,5290365,1828,[]
seedify-fund,sfund,Seedify.fund,47229054,684,[]
the-innovation-game,tig,The Innovation Game,5292207,1827,[]
shuffle-2,shfl,Shuffle,47317883,683,[]
hello-labs,hello,HELLO,5304848,1826,[]
velodrome-finance,velo,Velodrome Finance,47400919,682,[]
musk-it,muskit,Musk It,5308354,1825,[]
truefi,tru,TrueFi,47430438,681,[]
balanced-dollars,bnusd,Balanced Dollars,5309353,1824,[]
eggs-finance,eggs,Eggs Finance,47555488,680,[]
happycat-2,happy,Happy Cat,5315114,1823,[]
andy-the-wisguy,andy,ANDY ETH,47982336,679,[]
unicrypt-2,uncx,UNCX Network,5319577,1822,[]
mountain-protocol-usdm,usdm,Mountain Protocol USD,48012925,678,[]
usd,usd+,Overnight.fi USD+,48093009,676,[]
shoggoth,shoggoth,Shoggoth,5333119,1821,[]
cyberconnect,cyber,CYBER,48178224,677,[]
avant-staked-usd,savusd,Avant Staked USD,5338320,1819,[]
ethernity-chain,ern,Ethernity Chain,48293470,675,[]
electra-protocol,xep,Electra Protocol,5354178,1818,[]
frenpet,fp,Fren Pet,5356989,1817,[]
renzo,rez,Renzo,48727478,672,[]
byteball,gbyte,Obyte,5366416,1816,[]
susda,susda,sUSDa,48807160,673,[]
six-network,six,SIX Network,5376108,1815,[]
magic,magic,Treasure,48887860,668,[]
mey-network,mey,Mey Network,5400733,1814,[]
forta,fort,Forta,48899827,671,[]
your-open-metaverse,yom,YOM,5412449,1813,[]
hifi-finance,hifi,Hifi Finance,48975424,670,[]
tevaera,teva,Tevaera,5427524,1812,[]
purr-2,purr,Purr,48977401,669,[]
re7-weth,re7weth,Re7 WETH,5439143,1811,[]
oraichain-token,orai,Oraichain,49259670,667,[]
beam,beam,BEAM,5443334,1810,[]
humanscape,hpo,Hippocrat,49264054,666,[]
finvesta,finvesta,Finvesta,49353791,664,[]
populous,ppt,Populous,5457191,1808,[]
smardex,sdex,SMARDEX,49393848,665,[]
interest-compounding-eth-index,iceth,Interest Compounding ETH Index,5469368,1807,[]
alethea-artificial-liquid-intelligence-token,ali,Artificial Liquid Intelligence,49822151,663,[]
cult-dao,cult,Cult DAO,5470015,1806,[]
edge,edge,Edge,50038185,662,[]
starlink,starl,StarLink,5474155,1805,[]
victoria-vr,vr,Victoria VR,50325133,661,[]
qna3-ai,gpt,QnA3.AI,5481565,1804,[]
liquity-usd,lusd,Liquity USD,50638637,659,[]
digitalbits,xdb,XDB CHAIN,5496831,1803,[]
der-daku,daku,Der Daku,50640011,660,[]
kardiachain,kai,KardiaChain,5505252,1802,[]
insure,sure,inSure DeFi,50866028,658,[]
letstop,stop,LETSTOP,5515307,1801,[]
quark-chain,qkc,QuarkChain,50882192,657,[]
johnny-suede,suede,Johnny Suede,5523621,1800,[]
hunt-token,hunt,Hunt,50909539,656,[]
compound-uniswap,cuni,cUNI,5528091,1799,[]
osaka-protocol,osak,Osaka Protocol,51120322,655,[]
slothana,sloth,Slothana,5548934,1798,[]
bancor,bnt,Bancor Network,51227757,654,[]
top-hat,hat,Top Hat,5572110,1797,[]
loom-network-new,loom,Loom Network (NEW),51327083,653,[]
mxc,mxc,Moonchain,5585699,1796,[]
rekt-4,rekt,Rekt,19736493,1097,[]
freysa-ai,fai,Freysa AI,146532834,335,[]
gigachad-2,giga,Gigachad,146688473,334,[]
spacechain-erc-20,spc,SpaceChain (ERC-20),19773171,1094,[]
bio-protocol,bio,Bio Protocol,148036584,332,[]
kava-lend,hard,Kava Lend,19792576,1093,[]
iotex,iotx,IoTeX,148281267,333,[]
banana-for-scale-2,bananas31,Banana For Scale,19797883,1105,[]
stp-network,stpt,STP,151720943,331,[]
hairdao,hair,HairDAO,19823810,1092,[]
gmx,gmx,GMX,152180600,330,[]
army-3,army,XRP ARMY,19841787,1095,[]
xyo-network,xyo,XYO Network,152417087,328,[]
agenda-47,a47,AGENDA 47,19854061,1090,[]
amnis-aptos,amapt,Amnis Aptos,152593856,326,[]
miracle-play,mpt,Miracle Play,19894504,1089,[]
world-mobile-token,wmtx,World Mobile Token,152663888,329,[]
orion-protocol,orn,Orion,19937182,1087,[]
binance-peg-sol,sol,Binance-Peg SOL,153161954,325,[]
thetadrop,tdrop,ThetaDrop,19999558,1086,[]
the-grays-currency,ptgc,The Grays Currency,153275216,327,[]
wuffi,wuf,WUFFI,20051147,1083,[]
harmony,one,Harmony,153802852,324,[]
ninja-squad,nst,Ninja Squad Token,20052177,1085,[]
bitkub-coin,kub,Bitkub Coin,154277233,323,[]
dinero-2,dinero,Dinero,20057798,1084,[]
coinex-token,cet,CoinEx,155181462,322,[]
artrade,atr,Artrade,20062341,1081,[]
constellation-labs,dag,Constellation,155345420,321,[]
trip,trip,Trip,156696857,320,[]
numbers-protocol,num,Numbers Protocol,20108972,1080,[]
nano,xno,Nano,157927579,319,[]
skale,skl,SKALE,159921357,318,[]
persistence,xprt,Persistence One,20202582,1088,[]
solayer,layer,Solayer,162883915,317,[]
omniflix-network,flix,OmniFlix Network,20204581,1078,[]
polymesh,polyx,Polymesh,163103629,316,[]
dimo,dimo,DIMO,20230466,1076,[]
redstone-oracles,red,RedStone,163587588,315,[]
tornado-cash,torn,Tornado Cash,20251485,1077,[]
zencash,zen,Horizen,164446447,314,[]
goldcoin,glc,Goldcoin,20260578,1074,[]
onyx-arches,oxa,Onyx Arches,20261827,1075,[]
lava-network,lava,Lava Network,20270153,1073,[]
metaplex,mplx,Metaplex,165265046,312,[]
cheqd-network,cheq,CHEQD Network,20408345,1071,[]
inverse-finance,inv,Inverse Finance,20190991,1079,[]
uxlink,uxlink,UXLINK,166630698,310,[]
coca,coca,COCA,20412367,1072,[]
lorenzo-stbtc,stbtc,Lorenzo stBTC,167396977,309,[]
aventus,avt,Aventus,20433961,1070,[]
lcx,lcx,LCX,167876182,304,[]
bitcoin,btc,Bitcoin,1707644867649,1,[]
coinweb,cweb,Coinweb,20573291,1069,[]
elixir-staked-deusd,sdeusd,Elixir Staked deUSD,168010316,308,[]
stride,strd,Stride,20605124,1068,[]
acet-token,act,Acet,168242672,306,[]
btc-proxy,btcpx,BTC Proxy,20698549,1067,[]
turbo,turbo,Turbo,168386198,307,[]
koma-inu,koma,Koma Inu,20721640,1066,[]
rcge,$rcge,RCGE,168805259,305,[]
straitsx-xusd,xusd,StraitsX XUSD,20795536,1065,[]
sun-token,sun,Sun Token,170061201,303,[]
connex,conx,Connex,20799572,1064,[]
toshi,toshi,Toshi,170549312,302,[]
nftx,nftx,NFTX,20812339,1063,[]
ethereum-pow-iou,ethw,EthereumPoW,171417102,301,[]
sally-a1c,a1c,Sally A1C,20838990,1062,[]
peanut-the-squirrel,pnut,Peanut the Squirrel,171643212,299,[]
asd,asd,AscendEx,20861342,1060,[]
vana,vana,Vana,171767186,300,[]
thena,the,Thena,20871348,1059,[]
zetachain,zeta,ZetaChain,172302828,298,[]
klever,klv,Klever,20883210,1061,[]
tribe-2,tribe,Tribe,174087769,297,[]
anonfi,anon,AnonFi,20952047,1058,[]
rollbit-coin,rlb,Rollbit Coin,174465259,296,[]
open-loot,ol,OPENLOOT,20996151,1056,[]
hivemapper,honey,Hivemapper,175007356,294,[]
spring-staked-sui,ssui,Spring Staked SUI,20996536,1057,[]
threshold-network-token,t,Threshold Network,175014896,295,[]
adshares,ads,Adshares,21019720,1055,[]
woo-network,woo,WOO,175156940,293,[]
suins-token,ns,SuiNS Token,21094704,1054,[]
gmt-token,gomining,GoMining Token,175580867,292,[]
fracton-protocol,ft,Fracton Protocol,21129564,1053,[]
yearn-finance,yfi,yearn.finance,177112144,291,[]
alkimi,$ads,Alkimi,21232840,1042,[]
apf-coin,apfc,APF coin,177844789,290,[]
pikaboss,pika,Pikaboss,21334080,1052,[]
aelf,elf,aelf,178748339,289,[]
swarm-bzz,bzz,Swarm,21352763,1050,[]
enjincoin,enj,Enjin Coin,179903782,288,[]
metamui,mmui,MetaMUI,21387966,1047,[]
act-i-the-ai-prophecy,act,Act I The AI Prophecy,180095576,287,[]
reef,reef,Reef,21398559,1049,[]
cat-in-a-dogs-world,mew,cat in a dogs world,180736133,286,[]
compound-basic-attention-token,cbat,cBAT,21399889,1051,[]
ether-fi,ethfi,Ether.fi,181004821,285,[]
moo-deng-2,moodeng,MOO DENG,21406365,1048,[]
nem,xem,NEM,183137365,284,[]
pippin,pippin,pippin,21433248,1044,[]
ravencoin,rvn,Ravencoin,184429954,282,[]
contentos,cos,Contentos,21468075,1046,[]
mocaverse,moca,Moca Network,184431319,283,[]
tree-capital,tree,Tree,21491106,1043,[]
cheems-token,cheems,Cheems Token,184642547,279,[]
libra-5,libra,Libra,21506563,1045,[]
resolv-wstusr,wstusr,Resolv wstUSR,184744046,281,[]
imo,imo,IMO,21611116,1041,[]
treehouse-eth,teth,Treehouse ETH,184895306,280,[]
advertise-coin,adco,Advertise Coin,21646258,1040,[]
drift-protocol,drift,Drift Protocol,185572770,278,[]
f-x-protocol-fxusd,fxusd,f(x) Protocol fxUSD,21677429,1039,[]
abtc,abtc,aBTC,186330926,277,[]
frontier-token,front,Frontier,21691768,1038,[]
ankr,ankr,Ankr Network,186617870,276,[]
siacoin,sc,Siacoin,186978005,275,[]
opulous,opul,Opulous,21845448,1034,[]
benqi-liquid-staked-avax,savax,BENQI Liquid Staked AVAX,187606112,274,[]
openserv,serv,OpenServ,21845451,1035,[]
mog-coin,mog,Mog Coin,189119278,273,[]
mimblewimblecoin,mwc,MimbleWimbleCoin,190335009,272,[]
based-pepe,pepe,Based Pepe,21877288,1037,[]
